entity_type,ordinal,source_label,canonical_name,parent_city,base_kind,detail_url,tribe,x_px,y_px,x_norm,y_norm,marker_bbox,method,confidence,review_status,source_image_sha256,source_width,source_height,source_locator,notes
"CITY","001","襄平","襄平","NOT_APPLICABLE","CITY","https://wikiwiki.jp/sangokushi14/%E8%A5%84%E5%B9%B3","NOT_APPLICABLE","3827","237.5","0.91533126","0.05666905","3799:220:3855:255","RGB(255|255|0) 4-connected fill component + 8x nearest-neighbor visual adjudication","HIGH","SELF_ADJUDICATED;A2_INDEPENDENT_REVIEW_CLEARED_2026-07-17;SPEC_DATA_IMAGE_PASS;RIGHTS_WARN","dfe5049245e730ff1f81325157dedfcf1079786e33c6ad8b3970140954910a89","4181","4191","https://cdn.wikiwiki.jp/to/w/sangokushi14/地理/::attach/PK.png?rev=ab2f8e0ceae2aeb16f3291ffa88907d0&t=20201213195804#fill-bbox=3799:220:3855:255;https://wikiwiki.jp/sangokushi14/地理#PK地図","Yellow city plaque visually read at 8x and reconciled to the linked 都市/地理 city row."
"CITY","002","北平","北平","NOT_APPLICABLE","CITY","https://wikiwiki.jp/sangokushi14/%E5%8C%97%E5%B9%B3","NOT_APPLICABLE","3182","331.5","0.76106195","0.07909807","3154:314:3210:349","RGB(255|255|0) 4-connected fill component + 8x nearest-neighbor visual adjudication","HIGH","SELF_ADJUDICATED;A2_INDEPENDENT_REVIEW_CLEARED_2026-07-17;SPEC_DATA_IMAGE_PASS;RIGHTS_WARN","dfe5049245e730ff1f81325157dedfcf1079786e33c6ad8b3970140954910a89","4181","4191","https://cdn.wikiwiki.jp/to/w/sangokushi14/地理/::attach/PK.png?rev=ab2f8e0ceae2aeb16f3291ffa88907d0&t=20201213195804#fill-bbox=3154:314:3210:349;https://wikiwiki.jp/sangokushi14/地理#PK地図","Yellow city plaque visually read at 8x and reconciled to the linked 都市/地理 city row."
"CITY","003","薊","薊","NOT_APPLICABLE","CITY","https://wikiwiki.jp/sangokushi14/%E8%96%8A","NOT_APPLICABLE","2574","275.5","0.61564219","0.06573610","2546:258:2602:293","RGB(255|255|0) 4-connected fill component + 8x nearest-neighbor visual adjudication","HIGH","SELF_ADJUDICATED;A2_INDEPENDENT_REVIEW_CLEARED_2026-07-17;SPEC_DATA_IMAGE_PASS;RIGHTS_WARN","dfe5049245e730ff1f81325157dedfcf1079786e33c6ad8b3970140954910a89","4181","4191","https://cdn.wikiwiki.jp/to/w/sangokushi14/地理/::attach/PK.png?rev=ab2f8e0ceae2aeb16f3291ffa88907d0&t=20201213195804#fill-bbox=2546:258:2602:293;https://wikiwiki.jp/sangokushi14/地理#PK地図","Yellow city plaque visually read at 8x and reconciled to the linked 都市/地理 city row."
"CITY","004","晋陽","晋陽","NOT_APPLICABLE","CITY","https://wikiwiki.jp/sangokushi14/%E6%99%8B%E9%99%BD","NOT_APPLICABLE","2042","674.5","0.48839990","0.16094011","2014:657:2070:692","RGB(255|255|0) 4-connected fill component + 8x nearest-neighbor visual adjudication","HIGH","SELF_ADJUDICATED;A2_INDEPENDENT_REVIEW_CLEARED_2026-07-17;SPEC_DATA_IMAGE_PASS;RIGHTS_WARN","dfe5049245e730ff1f81325157dedfcf1079786e33c6ad8b3970140954910a89","4181","4191","https://cdn.wikiwiki.jp/to/w/sangokushi14/地理/::attach/PK.png?rev=ab2f8e0ceae2aeb16f3291ffa88907d0&t=20201213195804#fill-bbox=2014:657:2070:692;https://wikiwiki.jp/sangokushi14/地理#PK地図","Yellow city plaque visually read at 8x and reconciled to the linked 都市/地理 city row."
"CITY","005","南皮","南皮","NOT_APPLICABLE","CITY","https://wikiwiki.jp/sangokushi14/%E5%8D%97%E7%9A%AE","NOT_APPLICABLE","2936","665.5","0.70222435","0.15879265","2908:648:2964:683","RGB(255|255|0) 4-connected fill component + 8x nearest-neighbor visual adjudication","HIGH","SELF_ADJUDICATED;A2_INDEPENDENT_REVIEW_CLEARED_2026-07-17;SPEC_DATA_IMAGE_PASS;RIGHTS_WARN","dfe5049245e730ff1f81325157dedfcf1079786e33c6ad8b3970140954910a89","4181","4191","https://cdn.wikiwiki.jp/to/w/sangokushi14/地理/::attach/PK.png?rev=ab2f8e0ceae2aeb16f3291ffa88907d0&t=20201213195804#fill-bbox=2908:648:2964:683;https://wikiwiki.jp/sangokushi14/地理#PK地図","Yellow city plaque visually read at 8x and reconciled to the linked 都市/地理 city row."
"CITY","006","鄴","鄴","NOT_APPLICABLE","CITY","https://wikiwiki.jp/sangokushi14/%EF%BD%B7%EF%BE%9E%EF%BD%AE%EF%BD%B3","NOT_APPLICABLE","2384","941.5","0.57019852","0.22464806","2356:924:2412:959","RGB(255|255|0) 4-connected fill component + 8x nearest-neighbor visual adjudication","HIGH","SELF_ADJUDICATED;A2_INDEPENDENT_REVIEW_CLEARED_2026-07-17;SPEC_DATA_IMAGE_PASS;RIGHTS_WARN","dfe5049245e730ff1f81325157dedfcf1079786e33c6ad8b3970140954910a89","4181","4191","https://cdn.wikiwiki.jp/to/w/sangokushi14/地理/::attach/PK.png?rev=ab2f8e0ceae2aeb16f3291ffa88907d0&t=20201213195804#fill-bbox=2356:924:2412:959;https://wikiwiki.jp/sangokushi14/地理#PK地図","Yellow city plaque visually read at 8x and reconciled to the linked 都市/地理 city row. Detail link resolves to the half-width ｷﾞｮｳ slug."
"CITY","007","平原","平原","NOT_APPLICABLE","CITY","https://wikiwiki.jp/sangokushi14/%E5%B9%B3%E5%8E%9F","NOT_APPLICABLE","2916","978.5","0.69744080","0.23347650","2888:961:2944:996","RGB(255|255|0) 4-connected fill component + 8x nearest-neighbor visual adjudication","HIGH","SELF_ADJUDICATED;A2_INDEPENDENT_REVIEW_CLEARED_2026-07-17;SPEC_DATA_IMAGE_PASS;RIGHTS_WARN","dfe5049245e730ff1f81325157dedfcf1079786e33c6ad8b3970140954910a89","4181","4191","https://cdn.wikiwiki.jp/to/w/sangokushi14/地理/::attach/PK.png?rev=ab2f8e0ceae2aeb16f3291ffa88907d0&t=20201213195804#fill-bbox=2888:961:2944:996;https://wikiwiki.jp/sangokushi14/地理#PK地図","Yellow city plaque visually read at 8x and reconciled to the linked 都市/地理 city row."
"CITY","008","北海","北海","NOT_APPLICABLE","CITY","https://wikiwiki.jp/sangokushi14/%E5%8C%97%E6%B5%B7","NOT_APPLICABLE","3638","938.5","0.87012676","0.22393224","3610:921:3666:956","RGB(255|255|0) 4-connected fill component + 8x nearest-neighbor visual adjudication","HIGH","SELF_ADJUDICATED;A2_INDEPENDENT_REVIEW_CLEARED_2026-07-17;SPEC_DATA_IMAGE_PASS;RIGHTS_WARN","dfe5049245e730ff1f81325157dedfcf1079786e33c6ad8b3970140954910a89","4181","4191","https://cdn.wikiwiki.jp/to/w/sangokushi14/地理/::attach/PK.png?rev=ab2f8e0ceae2aeb16f3291ffa88907d0&t=20201213195804#fill-bbox=3610:921:3666:956;https://wikiwiki.jp/sangokushi14/地理#PK地図","Yellow city plaque visually read at 8x and reconciled to the linked 都市/地理 city row."
"CITY","009","下邳","下邳","NOT_APPLICABLE","CITY","https://wikiwiki.jp/sangokushi14/%E4%B8%8B%E3%83%92","NOT_APPLICABLE","3525","1567.5","0.84309974","0.37401575","3497:1550:3553:1585","RGB(255|255|0) 4-connected fill component + 8x nearest-neighbor visual adjudication","HIGH","SELF_ADJUDICATED;A2_INDEPENDENT_REVIEW_CLEARED_2026-07-17;SPEC_DATA_IMAGE_PASS;RIGHTS_WARN","dfe5049245e730ff1f81325157dedfcf1079786e33c6ad8b3970140954910a89","4181","4191","https://cdn.wikiwiki.jp/to/w/sangokushi14/地理/::attach/PK.png?rev=ab2f8e0ceae2aeb16f3291ffa88907d0&t=20201213195804#fill-bbox=3497:1550:3553:1585;https://wikiwiki.jp/sangokushi14/地理#PK地図","Yellow city plaque visually read at 8x and reconciled to the linked 都市/地理 city row. Detail link resolves to the 下ヒ slug."
"CITY","010","小沛","小沛","NOT_APPLICABLE","CITY","https://wikiwiki.jp/sangokushi14/%E5%B0%8F%E6%B2%9B","NOT_APPLICABLE","3087","1481.5","0.73834011","0.35349559","3059:1464:3115:1499","RGB(255|255|0) 4-connected fill component + 8x nearest-neighbor visual adjudication","HIGH","SELF_ADJUDICATED;A2_INDEPENDENT_REVIEW_CLEARED_2026-07-17;SPEC_DATA_IMAGE_PASS;RIGHTS_WARN","dfe5049245e730ff1f81325157dedfcf1079786e33c6ad8b3970140954910a89","4181","4191","https://cdn.wikiwiki.jp/to/w/sangokushi14/地理/::attach/PK.png?rev=ab2f8e0ceae2aeb16f3291ffa88907d0&t=20201213195804#fill-bbox=3059:1464:3115:1499;https://wikiwiki.jp/sangokushi14/地理#PK地図","Yellow city plaque visually read at 8x and reconciled to the linked 都市/地理 city row."
"CITY","011","広陵","広陵","NOT_APPLICABLE","CITY","https://wikiwiki.jp/sangokushi14/%E5%BA%83%E9%99%B5","NOT_APPLICABLE","3713","1909.5","0.88806506","0.45561918","3685:1892:3741:1927","RGB(255|255|0) 4-connected fill component + 8x nearest-neighbor visual adjudication","HIGH","SELF_ADJUDICATED;A2_INDEPENDENT_REVIEW_CLEARED_2026-07-17;SPEC_DATA_IMAGE_PASS;RIGHTS_WARN","dfe5049245e730ff1f81325157dedfcf1079786e33c6ad8b3970140954910a89","4181","4191","https://cdn.wikiwiki.jp/to/w/sangokushi14/地理/::attach/PK.png?rev=ab2f8e0ceae2aeb16f3291ffa88907d0&t=20201213195804#fill-bbox=3685:1892:3741:1927;https://wikiwiki.jp/sangokushi14/地理#PK地図","Yellow city plaque visually read at 8x and reconciled to the linked 都市/地理 city row."
"CITY","012","寿春","寿春","NOT_APPLICABLE","CITY","https://wikiwiki.jp/sangokushi14/%E5%AF%BF%E6%98%A5","NOT_APPLICABLE","2993","1985.5","0.71585745","0.47375328","2965:1968:3021:2003","RGB(255|255|0) 4-connected fill component + 8x nearest-neighbor visual adjudication","HIGH","SELF_ADJUDICATED;A2_INDEPENDENT_REVIEW_CLEARED_2026-07-17;SPEC_DATA_IMAGE_PASS;RIGHTS_WARN","dfe5049245e730ff1f81325157dedfcf1079786e33c6ad8b3970140954910a89","4181","4191","https://cdn.wikiwiki.jp/to/w/sangokushi14/地理/::attach/PK.png?rev=ab2f8e0ceae2aeb16f3291ffa88907d0&t=20201213195804#fill-bbox=2965:1968:3021:2003;https://wikiwiki.jp/sangokushi14/地理#PK地図","Yellow city plaque visually read at 8x and reconciled to the linked 都市/地理 city row."
"CITY","013","廬江","廬江","NOT_APPLICABLE","CITY","https://wikiwiki.jp/sangokushi14/%E5%BB%AC%E6%B1%9F","NOT_APPLICABLE","3182.5","2439.5","0.76118154","0.58208065","3154:2422:3211:2457","RGB(255|255|0) 4-connected fill component + 8x nearest-neighbor visual adjudication","HIGH","SELF_ADJUDICATED;A2_INDEPENDENT_REVIEW_CLEARED_2026-07-17;SPEC_DATA_IMAGE_PASS;RIGHTS_WARN","dfe5049245e730ff1f81325157dedfcf1079786e33c6ad8b3970140954910a89","4181","4191","https://cdn.wikiwiki.jp/to/w/sangokushi14/地理/::attach/PK.png?rev=ab2f8e0ceae2aeb16f3291ffa88907d0&t=20201213195804#fill-bbox=3154:2422:3211:2457;https://wikiwiki.jp/sangokushi14/地理#PK地図","Yellow city plaque visually read at 8x and reconciled to the linked 都市/地理 city row."
"CITY","014","濮陽","濮陽","NOT_APPLICABLE","CITY","https://wikiwiki.jp/sangokushi14/%E6%BF%AE%E9%99%BD","NOT_APPLICABLE","2707","1291.5","0.64745276","0.30816034","2679:1274:2735:1309","RGB(255|255|0) 4-connected fill component + 8x nearest-neighbor visual adjudication","HIGH","SELF_ADJUDICATED;A2_INDEPENDENT_REVIEW_CLEARED_2026-07-17;SPEC_DATA_IMAGE_PASS;RIGHTS_WARN","dfe5049245e730ff1f81325157dedfcf1079786e33c6ad8b3970140954910a89","4181","4191","https://cdn.wikiwiki.jp/to/w/sangokushi14/地理/::attach/PK.png?rev=ab2f8e0ceae2aeb16f3291ffa88907d0&t=20201213195804#fill-bbox=2679:1274:2735:1309;https://wikiwiki.jp/sangokushi14/地理#PK地図","Yellow city plaque visually read at 8x and reconciled to the linked 都市/地理 city row."
"CITY","015","陳留","陳留","NOT_APPLICABLE","CITY","https://wikiwiki.jp/sangokushi14/%E9%99%B3%E7%95%99","NOT_APPLICABLE","2403","1557.5","0.57474288","0.37162968","2375:1540:2431:1575","RGB(255|255|0) 4-connected fill component + 8x nearest-neighbor visual adjudication","HIGH","SELF_ADJUDICATED;A2_INDEPENDENT_REVIEW_CLEARED_2026-07-17;SPEC_DATA_IMAGE_PASS;RIGHTS_WARN","dfe5049245e730ff1f81325157dedfcf1079786e33c6ad8b3970140954910a89","4181","4191","https://cdn.wikiwiki.jp/to/w/sangokushi14/地理/::attach/PK.png?rev=ab2f8e0ceae2aeb16f3291ffa88907d0&t=20201213195804#fill-bbox=2375:1540:2431:1575;https://wikiwiki.jp/sangokushi14/地理#PK地図","Yellow city plaque visually read at 8x and reconciled to the linked 都市/地理 city row."
"CITY","016","許昌","許昌","NOT_APPLICABLE","CITY","https://wikiwiki.jp/sangokushi14/%E8%A8%B1%E6%98%8C","NOT_APPLICABLE","2270","1890.5","0.54293231","0.45108566","2242:1873:2298:1908","RGB(255|255|0) 4-connected fill component + 8x nearest-neighbor visual adjudication","HIGH","SELF_ADJUDICATED;A2_INDEPENDENT_REVIEW_CLEARED_2026-07-17;SPEC_DATA_IMAGE_PASS;RIGHTS_WARN","dfe5049245e730ff1f81325157dedfcf1079786e33c6ad8b3970140954910a89","4181","4191","https://cdn.wikiwiki.jp/to/w/sangokushi14/地理/::attach/PK.png?rev=ab2f8e0ceae2aeb16f3291ffa88907d0&t=20201213195804#fill-bbox=2242:1873:2298:1908;https://wikiwiki.jp/sangokushi14/地理#PK地図","Yellow city plaque visually read at 8x and reconciled to the linked 都市/地理 city row."
"CITY","017","汝南","汝南","NOT_APPLICABLE","CITY","https://wikiwiki.jp/sangokushi14/%E6%B1%9D%E5%8D%97","NOT_APPLICABLE","2537","2232.5","0.60679263","0.53268910","2509:2215:2565:2250","RGB(255|255|0) 4-connected fill component + 8x nearest-neighbor visual adjudication","HIGH","SELF_ADJUDICATED;A2_INDEPENDENT_REVIEW_CLEARED_2026-07-17;SPEC_DATA_IMAGE_PASS;RIGHTS_WARN","dfe5049245e730ff1f81325157dedfcf1079786e33c6ad8b3970140954910a89","4181","4191","https://cdn.wikiwiki.jp/to/w/sangokushi14/地理/::attach/PK.png?rev=ab2f8e0ceae2aeb16f3291ffa88907d0&t=20201213195804#fill-bbox=2509:2215:2565:2250;https://wikiwiki.jp/sangokushi14/地理#PK地図","Yellow city plaque visually read at 8x and reconciled to the linked 都市/地理 city row."
"CITY","018","洛陽","洛陽","NOT_APPLICABLE","CITY","https://wikiwiki.jp/sangokushi14/%E6%B4%9B%E9%99%BD","NOT_APPLICABLE","1890","1415.5","0.45204497","0.33774755","1862:1398:1918:1433","RGB(255|255|0) 4-connected fill component + 8x nearest-neighbor visual adjudication","HIGH","SELF_ADJUDICATED;A2_INDEPENDENT_REVIEW_CLEARED_2026-07-17;SPEC_DATA_IMAGE_PASS;RIGHTS_WARN","dfe5049245e730ff1f81325157dedfcf1079786e33c6ad8b3970140954910a89","4181","4191","https://cdn.wikiwiki.jp/to/w/sangokushi14/地理/::attach/PK.png?rev=ab2f8e0ceae2aeb16f3291ffa88907d0&t=20201213195804#fill-bbox=1862:1398:1918:1433;https://wikiwiki.jp/sangokushi14/地理#PK地図","Yellow city plaque visually read at 8x and reconciled to the linked 都市/地理 city row."
"CITY","019","宛","宛","NOT_APPLICABLE","CITY","https://wikiwiki.jp/sangokushi14/%E5%AE%9B","NOT_APPLICABLE","1813","1870.5","0.43362832","0.44631353","1785:1853:1841:1888","RGB(255|255|0) 4-connected fill component + 8x nearest-neighbor visual adjudication","HIGH","SELF_ADJUDICATED;A2_INDEPENDENT_REVIEW_CLEARED_2026-07-17;SPEC_DATA_IMAGE_PASS;RIGHTS_WARN","dfe5049245e730ff1f81325157dedfcf1079786e33c6ad8b3970140954910a89","4181","4191","https://cdn.wikiwiki.jp/to/w/sangokushi14/地理/::attach/PK.png?rev=ab2f8e0ceae2aeb16f3291ffa88907d0&t=20201213195804#fill-bbox=1785:1853:1841:1888;https://wikiwiki.jp/sangokushi14/地理#PK地図","Yellow city plaque visually read at 8x and reconciled to the linked 都市/地理 city row."
"CITY","020","長安","長安","NOT_APPLICABLE","CITY","https://wikiwiki.jp/sangokushi14/%E9%95%B7%E5%AE%89","NOT_APPLICABLE","1300.5","1348.5","0.31104999","0.32176092","1271:1331:1330:1366","RGB(255|255|0) 4-connected fill component + 8x nearest-neighbor visual adjudication","HIGH","SELF_ADJUDICATED;A2_INDEPENDENT_REVIEW_CLEARED_2026-07-17;SPEC_DATA_IMAGE_PASS;RIGHTS_WARN","dfe5049245e730ff1f81325157dedfcf1079786e33c6ad8b3970140954910a89","4181","4191","https://cdn.wikiwiki.jp/to/w/sangokushi14/地理/::attach/PK.png?rev=ab2f8e0ceae2aeb16f3291ffa88907d0&t=20201213195804#fill-bbox=1271:1331:1330:1366;https://wikiwiki.jp/sangokushi14/地理#PK地図","Yellow city plaque visually read at 8x and reconciled to the linked 都市/地理 city row."
"CITY","021","上庸","上庸","NOT_APPLICABLE","CITY","https://wikiwiki.jp/sangokushi14/%E4%B8%8A%E5%BA%B8","NOT_APPLICABLE","1396","2080.5","0.33389141","0.49642090","1368:2063:1424:2098","RGB(255|255|0) 4-connected fill component + 8x nearest-neighbor visual adjudication","HIGH","SELF_ADJUDICATED;A2_INDEPENDENT_REVIEW_CLEARED_2026-07-17;SPEC_DATA_IMAGE_PASS;RIGHTS_WARN","dfe5049245e730ff1f81325157dedfcf1079786e33c6ad8b3970140954910a89","4181","4191","https://cdn.wikiwiki.jp/to/w/sangokushi14/地理/::attach/PK.png?rev=ab2f8e0ceae2aeb16f3291ffa88907d0&t=20201213195804#fill-bbox=1368:2063:1424:2098;https://wikiwiki.jp/sangokushi14/地理#PK地図","Yellow city plaque visually read at 8x and reconciled to the linked 都市/地理 city row."
"CITY","022","安定","安定","NOT_APPLICABLE","CITY","https://wikiwiki.jp/sangokushi14/%E5%AE%89%E5%AE%9A","NOT_APPLICABLE","960.5","932.5","0.22972973","0.22250060","931:915:990:950","RGB(255|255|0) 4-connected fill component + 8x nearest-neighbor visual adjudication","HIGH","SELF_ADJUDICATED;A2_INDEPENDENT_REVIEW_CLEARED_2026-07-17;SPEC_DATA_IMAGE_PASS;RIGHTS_WARN","dfe5049245e730ff1f81325157dedfcf1079786e33c6ad8b3970140954910a89","4181","4191","https://cdn.wikiwiki.jp/to/w/sangokushi14/地理/::attach/PK.png?rev=ab2f8e0ceae2aeb16f3291ffa88907d0&t=20201213195804#fill-bbox=931:915:990:950;https://wikiwiki.jp/sangokushi14/地理#PK地図","Yellow city plaque visually read at 8x and reconciled to the linked 都市/地理 city row."
"CITY","023","天水","天水","NOT_APPLICABLE","CITY","https://wikiwiki.jp/sangokushi14/%E5%A4%A9%E6%B0%B4","NOT_APPLICABLE","428","1273.5","0.10236785","0.30386543","399:1256:457:1291","RGB(255|255|0) 4-connected fill component + 8x nearest-neighbor visual adjudication","HIGH","SELF_ADJUDICATED;A2_INDEPENDENT_REVIEW_CLEARED_2026-07-17;SPEC_DATA_IMAGE_PASS;RIGHTS_WARN","dfe5049245e730ff1f81325157dedfcf1079786e33c6ad8b3970140954910a89","4181","4191","https://cdn.wikiwiki.jp/to/w/sangokushi14/地理/::attach/PK.png?rev=ab2f8e0ceae2aeb16f3291ffa88907d0&t=20201213195804#fill-bbox=399:1256:457:1291;https://wikiwiki.jp/sangokushi14/地理#PK地図","Yellow city plaque visually read at 8x and reconciled to the linked 都市/地理 city row."
"CITY","024","武威","武威","NOT_APPLICABLE","CITY","https://wikiwiki.jp/sangokushi14/%E6%AD%A6%E5%A8%81","NOT_APPLICABLE","124","570.5","0.02965798","0.13612503","95:553:153:588","RGB(255|255|0) 4-connected fill component + 8x nearest-neighbor visual adjudication","HIGH","SELF_ADJUDICATED;A2_INDEPENDENT_REVIEW_CLEARED_2026-07-17;SPEC_DATA_IMAGE_PASS;RIGHTS_WARN","dfe5049245e730ff1f81325157dedfcf1079786e33c6ad8b3970140954910a89","4181","4191","https://cdn.wikiwiki.jp/to/w/sangokushi14/地理/::attach/PK.png?rev=ab2f8e0ceae2aeb16f3291ffa88907d0&t=20201213195804#fill-bbox=95:553:153:588;https://wikiwiki.jp/sangokushi14/地理#PK地図","Yellow city plaque visually read at 8x and reconciled to the linked 都市/地理 city row."
"CITY","025","建業","建業","NOT_APPLICABLE","CITY","https://wikiwiki.jp/sangokushi14/%E5%BB%BA%E6%A5%AD","NOT_APPLICABLE","3638","2345.5","0.87012676","0.55965163","3610:2328:3666:2363","RGB(255|255|0) 4-connected fill component + 8x nearest-neighbor visual adjudication","HIGH","SELF_ADJUDICATED;A2_INDEPENDENT_REVIEW_CLEARED_2026-07-17;SPEC_DATA_IMAGE_PASS;RIGHTS_WARN","dfe5049245e730ff1f81325157dedfcf1079786e33c6ad8b3970140954910a89","4181","4191","https://cdn.wikiwiki.jp/to/w/sangokushi14/地理/::attach/PK.png?rev=ab2f8e0ceae2aeb16f3291ffa88907d0&t=20201213195804#fill-bbox=3610:2328:3666:2363;https://wikiwiki.jp/sangokushi14/地理#PK地図","Yellow city plaque visually read at 8x and reconciled to the linked 都市/地理 city row."
"CITY","026","呉","呉","NOT_APPLICABLE","CITY","https://wikiwiki.jp/sangokushi14/%E5%91%89","NOT_APPLICABLE","4018","2611.5","0.96101411","0.62312097","3990:2594:4046:2629","RGB(255|255|0) 4-connected fill component + 8x nearest-neighbor visual adjudication","HIGH","SELF_ADJUDICATED;A2_INDEPENDENT_REVIEW_CLEARED_2026-07-17;SPEC_DATA_IMAGE_PASS;RIGHTS_WARN","dfe5049245e730ff1f81325157dedfcf1079786e33c6ad8b3970140954910a89","4181","4191","https://cdn.wikiwiki.jp/to/w/sangokushi14/地理/::attach/PK.png?rev=ab2f8e0ceae2aeb16f3291ffa88907d0&t=20201213195804#fill-bbox=3990:2594:4046:2629;https://wikiwiki.jp/sangokushi14/地理#PK地図","Yellow city plaque visually read at 8x and reconciled to the linked 都市/地理 city row."
"CITY","027","会稽","会稽","NOT_APPLICABLE","CITY","https://wikiwiki.jp/sangokushi14/%E4%BC%9A%E7%A8%BD","NOT_APPLICABLE","3923","3096.5","0.93829227","0.73884514","3895:3079:3951:3114","RGB(255|255|0) 4-connected fill component + 8x nearest-neighbor visual adjudication","HIGH","SELF_ADJUDICATED;A2_INDEPENDENT_REVIEW_CLEARED_2026-07-17;SPEC_DATA_IMAGE_PASS;RIGHTS_WARN","dfe5049245e730ff1f81325157dedfcf1079786e33c6ad8b3970140954910a89","4181","4191","https://cdn.wikiwiki.jp/to/w/sangokushi14/地理/::attach/PK.png?rev=ab2f8e0ceae2aeb16f3291ffa88907d0&t=20201213195804#fill-bbox=3895:3079:3951:3114;https://wikiwiki.jp/sangokushi14/地理#PK地図","Yellow city plaque visually read at 8x and reconciled to the linked 都市/地理 city row."
"CITY","028","柴桑","柴桑","NOT_APPLICABLE","CITY","https://wikiwiki.jp/sangokushi14/%E6%9F%B4%E6%A1%91","NOT_APPLICABLE","2953","2840.5","0.70629036","0.67776187","2925:2823:2981:2858","RGB(255|255|0) 4-connected fill component + 8x nearest-neighbor visual adjudication","HIGH","SELF_ADJUDICATED;A2_INDEPENDENT_REVIEW_CLEARED_2026-07-17;SPEC_DATA_IMAGE_PASS;RIGHTS_WARN","dfe5049245e730ff1f81325157dedfcf1079786e33c6ad8b3970140954910a89","4181","4191","https://cdn.wikiwiki.jp/to/w/sangokushi14/地理/::attach/PK.png?rev=ab2f8e0ceae2aeb16f3291ffa88907d0&t=20201213195804#fill-bbox=2925:2823:2981:2858;https://wikiwiki.jp/sangokushi14/地理#PK地図","Yellow city plaque visually read at 8x and reconciled to the linked 都市/地理 city row."
"CITY","029","建安","建安","NOT_APPLICABLE","CITY","https://wikiwiki.jp/sangokushi14/%E5%BB%BA%E5%AE%89","NOT_APPLICABLE","3486","3580.5","0.83377182","0.85433071","3458:3563:3514:3598","RGB(255|255|0) 4-connected fill component + 8x nearest-neighbor visual adjudication","HIGH","SELF_ADJUDICATED;A2_INDEPENDENT_REVIEW_CLEARED_2026-07-17;SPEC_DATA_IMAGE_PASS;RIGHTS_WARN","dfe5049245e730ff1f81325157dedfcf1079786e33c6ad8b3970140954910a89","4181","4191","https://cdn.wikiwiki.jp/to/w/sangokushi14/地理/::attach/PK.png?rev=ab2f8e0ceae2aeb16f3291ffa88907d0&t=20201213195804#fill-bbox=3458:3563:3514:3598;https://wikiwiki.jp/sangokushi14/地理#PK地図","Yellow city plaque visually read at 8x and reconciled to the linked 都市/地理 city row."
"CITY","030","南海","南海","NOT_APPLICABLE","CITY","https://wikiwiki.jp/sangokushi14/%E5%8D%97%E6%B5%B7","NOT_APPLICABLE","2631","3951.5","0.62927529","0.94285373","2603:3934:2659:3969","RGB(255|255|0) 4-connected fill component + 8x nearest-neighbor visual adjudication","HIGH","SELF_ADJUDICATED;A2_INDEPENDENT_REVIEW_CLEARED_2026-07-17;SPEC_DATA_IMAGE_PASS;RIGHTS_WARN","dfe5049245e730ff1f81325157dedfcf1079786e33c6ad8b3970140954910a89","4181","4191","https://cdn.wikiwiki.jp/to/w/sangokushi14/地理/::attach/PK.png?rev=ab2f8e0ceae2aeb16f3291ffa88907d0&t=20201213195804#fill-bbox=2603:3934:2659:3969;https://wikiwiki.jp/sangokushi14/地理#PK地図","Yellow city plaque visually read at 8x and reconciled to the linked 都市/地理 city row."
"CITY","031","交趾","交趾","NOT_APPLICABLE","CITY","https://wikiwiki.jp/sangokushi14/%E4%BA%A4%E8%B6%BE","NOT_APPLICABLE","1415","4141.5","0.33843578","0.98818898","1387:4124:1443:4159","RGB(255|255|0) 4-connected fill component + 8x nearest-neighbor visual adjudication","HIGH","SELF_ADJUDICATED;A2_INDEPENDENT_REVIEW_CLEARED_2026-07-17;SPEC_DATA_IMAGE_PASS;RIGHTS_WARN","dfe5049245e730ff1f81325157dedfcf1079786e33c6ad8b3970140954910a89","4181","4191","https://cdn.wikiwiki.jp/to/w/sangokushi14/地理/::attach/PK.png?rev=ab2f8e0ceae2aeb16f3291ffa88907d0&t=20201213195804#fill-bbox=1387:4124:1443:4159;https://wikiwiki.jp/sangokushi14/地理#PK地図","Yellow city plaque visually read at 8x and reconciled to the linked 都市/地理 city row."
"CITY","032","江夏","江夏","NOT_APPLICABLE","CITY","https://wikiwiki.jp/sangokushi14/%E6%B1%9F%E5%A4%8F","NOT_APPLICABLE","2593","2545.5","0.62018656","0.60737294","2565:2528:2621:2563","RGB(255|255|0) 4-connected fill component + 8x nearest-neighbor visual adjudication","HIGH","SELF_ADJUDICATED;A2_INDEPENDENT_REVIEW_CLEARED_2026-07-17;SPEC_DATA_IMAGE_PASS;RIGHTS_WARN","dfe5049245e730ff1f81325157dedfcf1079786e33c6ad8b3970140954910a89","4181","4191","https://cdn.wikiwiki.jp/to/w/sangokushi14/地理/::attach/PK.png?rev=ab2f8e0ceae2aeb16f3291ffa88907d0&t=20201213195804#fill-bbox=2565:2528:2621:2563;https://wikiwiki.jp/sangokushi14/地理#PK地図","Yellow city plaque visually read at 8x and reconciled to the linked 都市/地理 city row."
"CITY","033","新野","新野","NOT_APPLICABLE","CITY","https://wikiwiki.jp/sangokushi14/%E6%96%B0%E9%87%8E","NOT_APPLICABLE","2042","2326.5","0.48839990","0.55511811","2014:2309:2070:2344","RGB(255|255|0) 4-connected fill component + 8x nearest-neighbor visual adjudication","HIGH","SELF_ADJUDICATED;A2_INDEPENDENT_REVIEW_CLEARED_2026-07-17;SPEC_DATA_IMAGE_PASS;RIGHTS_WARN","dfe5049245e730ff1f81325157dedfcf1079786e33c6ad8b3970140954910a89","4181","4191","https://cdn.wikiwiki.jp/to/w/sangokushi14/地理/::attach/PK.png?rev=ab2f8e0ceae2aeb16f3291ffa88907d0&t=20201213195804#fill-bbox=2014:2309:2070:2344;https://wikiwiki.jp/sangokushi14/地理#PK地図","Yellow city plaque visually read at 8x and reconciled to the linked 都市/地理 city row."
"CITY","034","襄陽","襄陽","NOT_APPLICABLE","CITY","https://wikiwiki.jp/sangokushi14/%E8%A5%84%E9%99%BD","NOT_APPLICABLE","1870","2563.5","0.44726142","0.61166786","1842:2546:1898:2581","RGB(255|255|0) 4-connected fill component + 8x nearest-neighbor visual adjudication","HIGH","SELF_ADJUDICATED;A2_INDEPENDENT_REVIEW_CLEARED_2026-07-17;SPEC_DATA_IMAGE_PASS;RIGHTS_WARN","dfe5049245e730ff1f81325157dedfcf1079786e33c6ad8b3970140954910a89","4181","4191","https://cdn.wikiwiki.jp/to/w/sangokushi14/地理/::attach/PK.png?rev=ab2f8e0ceae2aeb16f3291ffa88907d0&t=20201213195804#fill-bbox=1842:2546:1898:2581;https://wikiwiki.jp/sangokushi14/地理#PK地図","Yellow city plaque visually read at 8x and reconciled to the linked 都市/地理 city row."
"CITY","035","江陵","江陵","NOT_APPLICABLE","CITY","https://wikiwiki.jp/sangokushi14/%E6%B1%9F%E9%99%B5","NOT_APPLICABLE","1985","2906.5","0.47476680","0.69350990","1957:2889:2013:2924","RGB(255|255|0) 4-connected fill component + 8x nearest-neighbor visual adjudication","HIGH","SELF_ADJUDICATED;A2_INDEPENDENT_REVIEW_CLEARED_2026-07-17;SPEC_DATA_IMAGE_PASS;RIGHTS_WARN","dfe5049245e730ff1f81325157dedfcf1079786e33c6ad8b3970140954910a89","4181","4191","https://cdn.wikiwiki.jp/to/w/sangokushi14/地理/::attach/PK.png?rev=ab2f8e0ceae2aeb16f3291ffa88907d0&t=20201213195804#fill-bbox=1957:2889:2013:2924;https://wikiwiki.jp/sangokushi14/地理#PK地図","Yellow city plaque visually read at 8x and reconciled to the linked 都市/地理 city row."
"CITY","036","長沙","長沙","NOT_APPLICABLE","CITY","https://wikiwiki.jp/sangokushi14/%E9%95%B7%E6%B2%99","NOT_APPLICABLE","2440","3304.5","0.58359244","0.78847530","2412:3287:2468:3322","RGB(255|255|0) 4-connected fill component + 8x nearest-neighbor visual adjudication","HIGH","SELF_ADJUDICATED;A2_INDEPENDENT_REVIEW_CLEARED_2026-07-17;SPEC_DATA_IMAGE_PASS;RIGHTS_WARN","dfe5049245e730ff1f81325157dedfcf1079786e33c6ad8b3970140954910a89","4181","4191","https://cdn.wikiwiki.jp/to/w/sangokushi14/地理/::attach/PK.png?rev=ab2f8e0ceae2aeb16f3291ffa88907d0&t=20201213195804#fill-bbox=2412:3287:2468:3322;https://wikiwiki.jp/sangokushi14/地理#PK地図","Yellow city plaque visually read at 8x and reconciled to the linked 都市/地理 city row."
"CITY","037","武陵","武陵","NOT_APPLICABLE","CITY","https://wikiwiki.jp/sangokushi14/%E6%AD%A6%E9%99%B5","NOT_APPLICABLE","1624","3220.5","0.38842382","0.76843236","1596:3203:1652:3238","RGB(255|255|0) 4-connected fill component + 8x nearest-neighbor visual adjudication","HIGH","SELF_ADJUDICATED;A2_INDEPENDENT_REVIEW_CLEARED_2026-07-17;SPEC_DATA_IMAGE_PASS;RIGHTS_WARN","dfe5049245e730ff1f81325157dedfcf1079786e33c6ad8b3970140954910a89","4181","4191","https://cdn.wikiwiki.jp/to/w/sangokushi14/地理/::attach/PK.png?rev=ab2f8e0ceae2aeb16f3291ffa88907d0&t=20201213195804#fill-bbox=1596:3203:1652:3238;https://wikiwiki.jp/sangokushi14/地理#PK地図","Yellow city plaque visually read at 8x and reconciled to the linked 都市/地理 city row."
"CITY","038","桂陽","桂陽","NOT_APPLICABLE","CITY","https://wikiwiki.jp/sangokushi14/%E6%A1%82%E9%99%BD","NOT_APPLICABLE","2345","3732.5","0.56087061","0.89059890","2317:3715:2373:3750","RGB(255|255|0) 4-connected fill component + 8x nearest-neighbor visual adjudication","HIGH","SELF_ADJUDICATED;A2_INDEPENDENT_REVIEW_CLEARED_2026-07-17;SPEC_DATA_IMAGE_PASS;RIGHTS_WARN","dfe5049245e730ff1f81325157dedfcf1079786e33c6ad8b3970140954910a89","4181","4191","https://cdn.wikiwiki.jp/to/w/sangokushi14/地理/::attach/PK.png?rev=ab2f8e0ceae2aeb16f3291ffa88907d0&t=20201213195804#fill-bbox=2317:3715:2373:3750;https://wikiwiki.jp/sangokushi14/地理#PK地図","Yellow city plaque visually read at 8x and reconciled to the linked 都市/地理 city row."
"CITY","039","零陵","零陵","NOT_APPLICABLE","CITY","https://wikiwiki.jp/sangokushi14/%E9%9B%B6%E9%99%B5","NOT_APPLICABLE","1719","3703.5","0.41114566","0.88367931","1691:3686:1747:3721","RGB(255|255|0) 4-connected fill component + 8x nearest-neighbor visual adjudication","HIGH","SELF_ADJUDICATED;A2_INDEPENDENT_REVIEW_CLEARED_2026-07-17;SPEC_DATA_IMAGE_PASS;RIGHTS_WARN","dfe5049245e730ff1f81325157dedfcf1079786e33c6ad8b3970140954910a89","4181","4191","https://cdn.wikiwiki.jp/to/w/sangokushi14/地理/::attach/PK.png?rev=ab2f8e0ceae2aeb16f3291ffa88907d0&t=20201213195804#fill-bbox=1691:3686:1747:3721;https://wikiwiki.jp/sangokushi14/地理#PK地図","Yellow city plaque visually read at 8x and reconciled to the linked 都市/地理 city row."
"CITY","040","永安","永安","NOT_APPLICABLE","CITY","https://wikiwiki.jp/sangokushi14/%E6%B0%B8%E5%AE%89","NOT_APPLICABLE","1320","2687.5","0.31571394","0.64125507","1292:2670:1348:2705","RGB(255|255|0) 4-connected fill component + 8x nearest-neighbor visual adjudication","HIGH","SELF_ADJUDICATED;A2_INDEPENDENT_REVIEW_CLEARED_2026-07-17;SPEC_DATA_IMAGE_PASS;RIGHTS_WARN","dfe5049245e730ff1f81325157dedfcf1079786e33c6ad8b3970140954910a89","4181","4191","https://cdn.wikiwiki.jp/to/w/sangokushi14/地理/::attach/PK.png?rev=ab2f8e0ceae2aeb16f3291ffa88907d0&t=20201213195804#fill-bbox=1292:2670:1348:2705;https://wikiwiki.jp/sangokushi14/地理#PK地図","Yellow city plaque visually read at 8x and reconciled to the linked 都市/地理 city row."
"CITY","041","漢中","漢中","NOT_APPLICABLE","CITY","https://wikiwiki.jp/sangokushi14/%E6%BC%A2%E4%B8%AD","NOT_APPLICABLE","921","1803.5","0.22028223","0.43032689","893:1786:949:1821","RGB(255|255|0) 4-connected fill component + 8x nearest-neighbor visual adjudication","HIGH","SELF_ADJUDICATED;A2_INDEPENDENT_REVIEW_CLEARED_2026-07-17;SPEC_DATA_IMAGE_PASS;RIGHTS_WARN","dfe5049245e730ff1f81325157dedfcf1079786e33c6ad8b3970140954910a89","4181","4191","https://cdn.wikiwiki.jp/to/w/sangokushi14/地理/::attach/PK.png?rev=ab2f8e0ceae2aeb16f3291ffa88907d0&t=20201213195804#fill-bbox=893:1786:949:1821;https://wikiwiki.jp/sangokushi14/地理#PK地図","Yellow city plaque visually read at 8x and reconciled to the linked 都市/地理 city row."
"CITY","042","梓潼","梓潼","NOT_APPLICABLE","CITY","https://wikiwiki.jp/sangokushi14/%E6%A2%93%E6%BD%BC","NOT_APPLICABLE","730","2240.5","0.17459938","0.53459795","702:2223:758:2258","RGB(255|255|0) 4-connected fill component + 8x nearest-neighbor visual adjudication","HIGH","SELF_ADJUDICATED;A2_INDEPENDENT_REVIEW_CLEARED_2026-07-17;SPEC_DATA_IMAGE_PASS;RIGHTS_WARN","dfe5049245e730ff1f81325157dedfcf1079786e33c6ad8b3970140954910a89","4181","4191","https://cdn.wikiwiki.jp/to/w/sangokushi14/地理/::attach/PK.png?rev=ab2f8e0ceae2aeb16f3291ffa88907d0&t=20201213195804#fill-bbox=702:2223:758:2258;https://wikiwiki.jp/sangokushi14/地理#PK地図","Yellow city plaque visually read at 8x and reconciled to the linked 都市/地理 city row."
"CITY","043","江州","江州","NOT_APPLICABLE","CITY","https://wikiwiki.jp/sangokushi14/%E6%B1%9F%E5%B7%9E","NOT_APPLICABLE","902","3066.5","0.21573786","0.73168695","874:3049:930:3084","RGB(255|255|0) 4-connected fill component + 8x nearest-neighbor visual adjudication","HIGH","SELF_ADJUDICATED;A2_INDEPENDENT_REVIEW_CLEARED_2026-07-17;SPEC_DATA_IMAGE_PASS;RIGHTS_WARN","dfe5049245e730ff1f81325157dedfcf1079786e33c6ad8b3970140954910a89","4181","4191","https://cdn.wikiwiki.jp/to/w/sangokushi14/地理/::attach/PK.png?rev=ab2f8e0ceae2aeb16f3291ffa88907d0&t=20201213195804#fill-bbox=874:3049:930:3084;https://wikiwiki.jp/sangokushi14/地理#PK地図","Yellow city plaque visually read at 8x and reconciled to the linked 都市/地理 city row."
"CITY","044","成都","成都","NOT_APPLICABLE","CITY","https://wikiwiki.jp/sangokushi14/%E6%88%90%E9%83%BD","NOT_APPLICABLE","219","2745.5","0.05237981","0.65509425","191:2728:247:2763","RGB(255|255|0) 4-connected fill component + 8x nearest-neighbor visual adjudication","HIGH","SELF_ADJUDICATED;A2_INDEPENDENT_REVIEW_CLEARED_2026-07-17;SPEC_DATA_IMAGE_PASS;RIGHTS_WARN","dfe5049245e730ff1f81325157dedfcf1079786e33c6ad8b3970140954910a89","4181","4191","https://cdn.wikiwiki.jp/to/w/sangokushi14/地理/::attach/PK.png?rev=ab2f8e0ceae2aeb16f3291ffa88907d0&t=20201213195804#fill-bbox=191:2728:247:2763;https://wikiwiki.jp/sangokushi14/地理#PK地図","Yellow city plaque visually read at 8x and reconciled to the linked 都市/地理 city row."
"CITY","045","建寧","建寧","NOT_APPLICABLE","CITY","https://wikiwiki.jp/sangokushi14/%E5%BB%BA%E5%AF%A7","NOT_APPLICABLE","541","3685.5","0.12939488","0.87938440","513:3668:569:3703","RGB(255|255|0) 4-connected fill component + 8x nearest-neighbor visual adjudication","HIGH","SELF_ADJUDICATED;A2_INDEPENDENT_REVIEW_CLEARED_2026-07-17;SPEC_DATA_IMAGE_PASS;RIGHTS_WARN","dfe5049245e730ff1f81325157dedfcf1079786e33c6ad8b3970140954910a89","4181","4191","https://cdn.wikiwiki.jp/to/w/sangokushi14/地理/::attach/PK.png?rev=ab2f8e0ceae2aeb16f3291ffa88907d0&t=20201213195804#fill-bbox=513:3668:569:3703;https://wikiwiki.jp/sangokushi14/地理#PK地図","Yellow city plaque visually read at 8x and reconciled to the linked 都市/地理 city row."
"CITY","046","雲南","雲南","NOT_APPLICABLE","CITY","https://wikiwiki.jp/sangokushi14/%E9%9B%B2%E5%8D%97","NOT_APPLICABLE","218","4074.5","0.05214064","0.97220234","190:4057:246:4092","RGB(255|255|0) 4-connected fill component + 8x nearest-neighbor visual adjudication","HIGH","SELF_ADJUDICATED;A2_INDEPENDENT_REVIEW_CLEARED_2026-07-17;SPEC_DATA_IMAGE_PASS;RIGHTS_WARN","dfe5049245e730ff1f81325157dedfcf1079786e33c6ad8b3970140954910a89","4181","4191","https://cdn.wikiwiki.jp/to/w/sangokushi14/地理/::attach/PK.png?rev=ab2f8e0ceae2aeb16f3291ffa88907d0&t=20201213195804#fill-bbox=190:4057:246:4092;https://wikiwiki.jp/sangokushi14/地理#PK地図","Yellow city plaque visually read at 8x and reconciled to the linked 都市/地理 city row."
"SMALL_BASE","001","烏桓","烏桓","UNKNOWN","ETHNIC_STRONGHOLD","https://wikiwiki.jp/sangokushi14/%E7%95%B0%E6%B0%91%E6%97%8F%E3%83%BB%E7%83%8F%E6%A1%93","烏桓","3125","75.5","0.74742884","0.01801479","3096:58:3154:93","RGB(255|255|0) 4-connected fill component + 8x nearest-neighbor visual adjudication","HIGH","SELF_ADJUDICATED;A2_INDEPENDENT_REVIEW_CLEARED_2026-07-17;SPEC_DATA_IMAGE_PASS;RIGHTS_WARN","dfe5049245e730ff1f81325157dedfcf1079786e33c6ad8b3970140954910a89","4181","4191","https://cdn.wikiwiki.jp/to/w/sangokushi14/地理/::attach/PK.png?rev=ab2f8e0ceae2aeb16f3291ffa88907d0&t=20201213195804#fill-bbox=3096:58:3154:93;https://wikiwiki.jp/sangokushi14/%E7%95%B0%E6%B0%91%E6%97%8F%E3%83%BB%E7%83%8F%E6%A1%93#概要","Distinct ethnic-stronghold plaque; no single parent city asserted. The faction page lists multiple diplomacy prerequisite cities, not parentage."
"SMALL_BASE","002","海陽港","海陽港","北平","PORT","https://wikiwiki.jp/sangokushi14/%E5%8C%97%E5%B9%B3","NOT_APPLICABLE","3342","445.5","0.79933030","0.10629921","3311:434:3373:457","RGB(242|220|219) 4-connected fill component + 8x nearest-neighbor visual adjudication","HIGH","SELF_ADJUDICATED;A2_INDEPENDENT_REVIEW_CLEARED_2026-07-17;SPEC_DATA_IMAGE_PASS;RIGHTS_WARN","dfe5049245e730ff1f81325157dedfcf1079786e33c6ad8b3970140954910a89","4181","4191","https://cdn.wikiwiki.jp/to/w/sangokushi14/地理/::attach/PK.png?rev=ab2f8e0ceae2aeb16f3291ffa88907d0&t=20201213195804#fill-bbox=3311:434:3373:457;https://wikiwiki.jp/sangokushi14/%E5%8C%97%E5%B9%B3#地域データ","Port symbol/name/parent are direct on the parent-city 地域データ row and cross-checked to 地域収入."
"SMALL_BASE","003","沓氏港","沓氏港","襄平","PORT","https://wikiwiki.jp/sangokushi14/%E8%A5%84%E5%B9%B3","NOT_APPLICABLE","3765.5","490.5","0.90062186","0.11703651","3734:479:3797:502","RGB(242|220|219) 4-connected fill component + 8x nearest-neighbor visual adjudication","HIGH","SELF_ADJUDICATED;A2_INDEPENDENT_REVIEW_CLEARED_2026-07-17;SPEC_DATA_IMAGE_PASS;RIGHTS_WARN","dfe5049245e730ff1f81325157dedfcf1079786e33c6ad8b3970140954910a89","4181","4191","https://cdn.wikiwiki.jp/to/w/sangokushi14/地理/::attach/PK.png?rev=ab2f8e0ceae2aeb16f3291ffa88907d0&t=20201213195804#fill-bbox=3734:479:3797:502;https://wikiwiki.jp/sangokushi14/%E8%A5%84%E5%B9%B3#地域データ","Port symbol/name/parent are direct on the parent-city 地域データ row and cross-checked to 地域収入."
"SMALL_BASE","004","鮮卑","鮮卑","UNKNOWN","ETHNIC_STRONGHOLD","https://wikiwiki.jp/sangokushi14/%E7%95%B0%E6%B0%91%E6%97%8F%E3%83%BB%E9%AE%AE%E5%8D%91","鮮卑","1396","731.5","0.33389141","0.17454068","1367:714:1425:749","RGB(255|255|0) 4-connected fill component + 8x nearest-neighbor visual adjudication","HIGH","SELF_ADJUDICATED;A2_INDEPENDENT_REVIEW_CLEARED_2026-07-17;SPEC_DATA_IMAGE_PASS;RIGHTS_WARN","dfe5049245e730ff1f81325157dedfcf1079786e33c6ad8b3970140954910a89","4181","4191","https://cdn.wikiwiki.jp/to/w/sangokushi14/地理/::attach/PK.png?rev=ab2f8e0ceae2aeb16f3291ffa88907d0&t=20201213195804#fill-bbox=1367:714:1425:749;https://wikiwiki.jp/sangokushi14/%E7%95%B0%E6%B0%91%E6%97%8F%E3%83%BB%E9%AE%AE%E5%8D%91#概要","Distinct ethnic-stronghold plaque; no single parent city asserted. The faction page lists multiple diplomacy prerequisite cities, not parentage."
"SMALL_BASE","005","昌陽港","昌陽港","北海","PORT","https://wikiwiki.jp/sangokushi14/%E5%8C%97%E6%B5%B7","NOT_APPLICABLE","3972.5","741.5","0.95013155","0.17692675","3941:730:4004:753","RGB(242|220|219) 4-connected fill component + 8x nearest-neighbor visual adjudication","HIGH","SELF_ADJUDICATED;A2_INDEPENDENT_REVIEW_CLEARED_2026-07-17;SPEC_DATA_IMAGE_PASS;RIGHTS_WARN","dfe5049245e730ff1f81325157dedfcf1079786e33c6ad8b3970140954910a89","4181","4191","https://cdn.wikiwiki.jp/to/w/sangokushi14/地理/::attach/PK.png?rev=ab2f8e0ceae2aeb16f3291ffa88907d0&t=20201213195804#fill-bbox=3941:730:4004:753;https://wikiwiki.jp/sangokushi14/%E5%8C%97%E6%B5%B7#地域データ","Port symbol/name/parent are direct on the parent-city 地域データ row and cross-checked to 地域収入."
"SMALL_BASE","006","陽信港","陽信港","南皮","PORT","https://wikiwiki.jp/sangokushi14/%E5%8D%97%E7%9A%AE","NOT_APPLICABLE","3113.5","768.5","0.74467831","0.18336912","3082:757:3145:780","RGB(242|220|219) 4-connected fill component + 8x nearest-neighbor visual adjudication","HIGH","SELF_ADJUDICATED;A2_INDEPENDENT_REVIEW_CLEARED_2026-07-17;SPEC_DATA_IMAGE_PASS;RIGHTS_WARN","dfe5049245e730ff1f81325157dedfcf1079786e33c6ad8b3970140954910a89","4181","4191","https://cdn.wikiwiki.jp/to/w/sangokushi14/地理/::attach/PK.png?rev=ab2f8e0ceae2aeb16f3291ffa88907d0&t=20201213195804#fill-bbox=3082:757:3145:780;https://wikiwiki.jp/sangokushi14/%E5%8D%97%E7%9A%AE#地域データ","Port symbol/name/parent are direct on the parent-city 地域データ row and cross-checked to 地域収入."
"SMALL_BASE","007","臨済港","臨済港","北海","PORT","https://wikiwiki.jp/sangokushi14/%E5%8C%97%E6%B5%B7","NOT_APPLICABLE","3129.5","941.5","0.74850514","0.22464806","3098:930:3161:953","RGB(242|220|219) 4-connected fill component + 8x nearest-neighbor visual adjudication","HIGH","SELF_ADJUDICATED;A2_INDEPENDENT_REVIEW_CLEARED_2026-07-17;SPEC_DATA_IMAGE_PASS;RIGHTS_WARN","dfe5049245e730ff1f81325157dedfcf1079786e33c6ad8b3970140954910a89","4181","4191","https://cdn.wikiwiki.jp/to/w/sangokushi14/地理/::attach/PK.png?rev=ab2f8e0ceae2aeb16f3291ffa88907d0&t=20201213195804#fill-bbox=3098:930:3161:953;https://wikiwiki.jp/sangokushi14/%E5%8C%97%E6%B5%B7#地域データ","Port symbol/name/parent are direct on the parent-city 地域データ row and cross-checked to 地域収入."
"SMALL_BASE","008","壺関","壺関","晋陽","GATE","https://wikiwiki.jp/sangokushi14/%E6%99%8B%E9%99%BD","NOT_APPLICABLE","2061.5","1008","0.49306386","0.24051539","2051:979:2072:1037","RGB(255|255|255) enclosed plaque-fill component + orientation filter + 8x nearest-neighbor visual adjudication","HIGH","SELF_ADJUDICATED;A2_INDEPENDENT_REVIEW_CLEARED_2026-07-17;SPEC_DATA_IMAGE_PASS;RIGHTS_WARN","dfe5049245e730ff1f81325157dedfcf1079786e33c6ad8b3970140954910a89","4181","4191","https://cdn.wikiwiki.jp/to/w/sangokushi14/地理/::attach/PK.png?rev=ab2f8e0ceae2aeb16f3291ffa88907d0&t=20201213195804#fill-bbox=2051:979:2072:1037;https://wikiwiki.jp/sangokushi14/%E6%99%8B%E9%99%BD#地域データ","Gate symbol/name/parent are direct on the parent-city 地域データ row and cross-checked to 地域収入."
"SMALL_BASE","009","高唐港","高唐港","平原","PORT","https://wikiwiki.jp/sangokushi14/%E5%B9%B3%E5%8E%9F","NOT_APPLICABLE","2963.5","1073.5","0.70880172","0.25614412","2932:1062:2995:1085","RGB(242|220|219) 4-connected fill component + 8x nearest-neighbor visual adjudication","HIGH","SELF_ADJUDICATED;A2_INDEPENDENT_REVIEW_CLEARED_2026-07-17;SPEC_DATA_IMAGE_PASS;RIGHTS_WARN","dfe5049245e730ff1f81325157dedfcf1079786e33c6ad8b3970140954910a89","4181","4191","https://cdn.wikiwiki.jp/to/w/sangokushi14/地理/::attach/PK.png?rev=ab2f8e0ceae2aeb16f3291ffa88907d0&t=20201213195804#fill-bbox=2932:1062:2995:1085;https://wikiwiki.jp/sangokushi14/%E5%B9%B3%E5%8E%9F#地域データ","Port symbol/name/parent are direct on the parent-city 地域データ row and cross-checked to 地域収入."
"SMALL_BASE","010","黎陽港","黎陽港","鄴","PORT","https://wikiwiki.jp/sangokushi14/%EF%BD%B7%EF%BE%9E%EF%BD%AE%EF%BD%B3","NOT_APPLICABLE","2489.5","1140.5","0.59543171","0.27213076","2458:1129:2521:1152","RGB(242|220|219) 4-connected fill component + 8x nearest-neighbor visual adjudication","HIGH","SELF_ADJUDICATED;A2_INDEPENDENT_REVIEW_CLEARED_2026-07-17;SPEC_DATA_IMAGE_PASS;RIGHTS_WARN","dfe5049245e730ff1f81325157dedfcf1079786e33c6ad8b3970140954910a89","4181","4191","https://cdn.wikiwiki.jp/to/w/sangokushi14/地理/::attach/PK.png?rev=ab2f8e0ceae2aeb16f3291ffa88907d0&t=20201213195804#fill-bbox=2458:1129:2521:1152;https://wikiwiki.jp/sangokushi14/%EF%BD%B7%EF%BE%9E%EF%BD%AE%EF%BD%B3#地域データ","Port symbol/name/parent are direct on the parent-city 地域データ row and cross-checked to 地域収入."
"SMALL_BASE","011","臨晋港","臨晋港","長安","PORT","https://wikiwiki.jp/sangokushi14/%E9%95%B7%E5%AE%89","NOT_APPLICABLE","1520.5","1148.5","0.36366898","0.27403961","1489:1137:1552:1160","RGB(242|220|219) 4-connected fill component + 8x nearest-neighbor visual adjudication","HIGH","SELF_ADJUDICATED;A2_INDEPENDENT_REVIEW_CLEARED_2026-07-17;SPEC_DATA_IMAGE_PASS;RIGHTS_WARN","dfe5049245e730ff1f81325157dedfcf1079786e33c6ad8b3970140954910a89","4181","4191","https://cdn.wikiwiki.jp/to/w/sangokushi14/地理/::attach/PK.png?rev=ab2f8e0ceae2aeb16f3291ffa88907d0&t=20201213195804#fill-bbox=1489:1137:1552:1160;https://wikiwiki.jp/sangokushi14/%E9%95%B7%E5%AE%89#地域データ","Port symbol/name/parent are direct on the parent-city 地域データ row and cross-checked to 地域収入."
"SMALL_BASE","012","倉亭港","倉亭港","濮陽","PORT","https://wikiwiki.jp/sangokushi14/%E6%BF%AE%E9%99%BD","NOT_APPLICABLE","2764.5","1157.5","0.66120545","0.27618707","2733:1146:2796:1169","RGB(242|220|219) 4-connected fill component + 8x nearest-neighbor visual adjudication","HIGH","SELF_ADJUDICATED;A2_INDEPENDENT_REVIEW_CLEARED_2026-07-17;SPEC_DATA_IMAGE_PASS;RIGHTS_WARN","dfe5049245e730ff1f81325157dedfcf1079786e33c6ad8b3970140954910a89","4181","4191","https://cdn.wikiwiki.jp/to/w/sangokushi14/地理/::attach/PK.png?rev=ab2f8e0ceae2aeb16f3291ffa88907d0&t=20201213195804#fill-bbox=2733:1146:2796:1169;https://wikiwiki.jp/sangokushi14/%E6%BF%AE%E9%99%BD#地域データ","Port symbol/name/parent are direct on the parent-city 地域データ row and cross-checked to 地域収入."
"SMALL_BASE","013","蒲阪港","蒲阪港","洛陽","PORT","https://wikiwiki.jp/sangokushi14/%E6%B4%9B%E9%99%BD","NOT_APPLICABLE","1596","1195.5","0.38172686","0.28525412","1565:1184:1627:1207","RGB(242|220|219) 4-connected fill component + 8x nearest-neighbor visual adjudication","HIGH","SELF_ADJUDICATED;A2_INDEPENDENT_REVIEW_CLEARED_2026-07-17;SPEC_DATA_IMAGE_PASS;RIGHTS_WARN","dfe5049245e730ff1f81325157dedfcf1079786e33c6ad8b3970140954910a89","4181","4191","https://cdn.wikiwiki.jp/to/w/sangokushi14/地理/::attach/PK.png?rev=ab2f8e0ceae2aeb16f3291ffa88907d0&t=20201213195804#fill-bbox=1565:1184:1627:1207;https://wikiwiki.jp/sangokushi14/%E6%B4%9B%E9%99%BD#地域データ","Port symbol/name/parent are direct on the parent-city 地域データ row and cross-checked to 地域収入."
"SMALL_BASE","014","孟津港","孟津港","洛陽","PORT","https://wikiwiki.jp/sangokushi14/%E6%B4%9B%E9%99%BD","NOT_APPLICABLE","1879.5","1225.5","0.44953360","0.29241231","1848:1214:1911:1237","RGB(242|220|219) 4-connected fill component + 8x nearest-neighbor visual adjudication","HIGH","SELF_ADJUDICATED;A2_INDEPENDENT_REVIEW_CLEARED_2026-07-17;SPEC_DATA_IMAGE_PASS;RIGHTS_WARN","dfe5049245e730ff1f81325157dedfcf1079786e33c6ad8b3970140954910a89","4181","4191","https://cdn.wikiwiki.jp/to/w/sangokushi14/地理/::attach/PK.png?rev=ab2f8e0ceae2aeb16f3291ffa88907d0&t=20201213195804#fill-bbox=1848:1214:1911:1237;https://wikiwiki.jp/sangokushi14/%E6%B4%9B%E9%99%BD#地域データ","Port symbol/name/parent are direct on the parent-city 地域データ row and cross-checked to 地域収入."
"SMALL_BASE","015","延津港","延津港","陳留","PORT","https://wikiwiki.jp/sangokushi14/%E9%99%B3%E7%95%99","NOT_APPLICABLE","2278.5","1271.5","0.54496532","0.30338821","2247:1260:2310:1283","RGB(242|220|219) 4-connected fill component + 8x nearest-neighbor visual adjudication","HIGH","SELF_ADJUDICATED;A2_INDEPENDENT_REVIEW_CLEARED_2026-07-17;SPEC_DATA_IMAGE_PASS;RIGHTS_WARN","dfe5049245e730ff1f81325157dedfcf1079786e33c6ad8b3970140954910a89","4181","4191","https://cdn.wikiwiki.jp/to/w/sangokushi14/地理/::attach/PK.png?rev=ab2f8e0ceae2aeb16f3291ffa88907d0&t=20201213195804#fill-bbox=2247:1260:2310:1283;https://wikiwiki.jp/sangokushi14/%E9%99%B3%E7%95%99#地域データ","Port symbol/name/parent are direct on the parent-city 地域データ row and cross-checked to 地域収入."
"SMALL_BASE","016","弘農港","弘農港","長安","PORT","https://wikiwiki.jp/sangokushi14/%E9%95%B7%E5%AE%89","NOT_APPLICABLE","1567","1302.5","0.37479072","0.31078502","1536:1291:1598:1314","RGB(242|220|219) 4-connected fill component + 8x nearest-neighbor visual adjudication","HIGH","SELF_ADJUDICATED;A2_INDEPENDENT_REVIEW_CLEARED_2026-07-17;SPEC_DATA_IMAGE_PASS;RIGHTS_WARN","dfe5049245e730ff1f81325157dedfcf1079786e33c6ad8b3970140954910a89","4181","4191","https://cdn.wikiwiki.jp/to/w/sangokushi14/地理/::attach/PK.png?rev=ab2f8e0ceae2aeb16f3291ffa88907d0&t=20201213195804#fill-bbox=1536:1291:1598:1314;https://wikiwiki.jp/sangokushi14/%E9%95%B7%E5%AE%89#地域データ","Port symbol/name/parent are direct on the parent-city 地域データ row and cross-checked to 地域収入."
"SMALL_BASE","017","羌","羌族","UNKNOWN","ETHNIC_STRONGHOLD","https://wikiwiki.jp/sangokushi14/%E7%95%B0%E6%B0%91%E6%97%8F%E3%83%BB%E7%BE%8C%E6%97%8F","羌族","84","1368.5","0.02009089","0.32653305","55:1351:113:1386","RGB(255|255|0) 4-connected fill component + 8x nearest-neighbor visual adjudication","HIGH","SELF_ADJUDICATED;A2_INDEPENDENT_REVIEW_CLEARED_2026-07-17;SPEC_DATA_IMAGE_PASS;RIGHTS_WARN","dfe5049245e730ff1f81325157dedfcf1079786e33c6ad8b3970140954910a89","4181","4191","https://cdn.wikiwiki.jp/to/w/sangokushi14/地理/::attach/PK.png?rev=ab2f8e0ceae2aeb16f3291ffa88907d0&t=20201213195804#fill-bbox=55:1351:113:1386;https://wikiwiki.jp/sangokushi14/%E7%95%B0%E6%B0%91%E6%97%8F%E3%83%BB%E7%BE%8C%E6%97%8F#概要","Distinct ethnic-stronghold plaque; no single parent city asserted. The faction page lists multiple diplomacy prerequisite cities, not parentage."
"SMALL_BASE","018","虎牢関","虎牢関","洛陽","GATE","https://wikiwiki.jp/sangokushi14/%E6%B4%9B%E9%99%BD","NOT_APPLICABLE","2099","1387.5","0.50203301","0.33106657","2088:1358:2110:1417","RGB(255|255|255) enclosed plaque-fill component + orientation filter + 8x nearest-neighbor visual adjudication","HIGH","SELF_ADJUDICATED;A2_INDEPENDENT_REVIEW_CLEARED_2026-07-17;SPEC_DATA_IMAGE_PASS;RIGHTS_WARN","dfe5049245e730ff1f81325157dedfcf1079786e33c6ad8b3970140954910a89","4181","4191","https://cdn.wikiwiki.jp/to/w/sangokushi14/地理/::attach/PK.png?rev=ab2f8e0ceae2aeb16f3291ffa88907d0&t=20201213195804#fill-bbox=2088:1358:2110:1417;https://wikiwiki.jp/sangokushi14/%E6%B4%9B%E9%99%BD#地域データ","Gate symbol/name/parent are direct on the parent-city 地域データ row and cross-checked to 地域収入."
"SMALL_BASE","019","潼関","潼関","長安","GATE","https://wikiwiki.jp/sangokushi14/%E9%95%B7%E5%AE%89","NOT_APPLICABLE","1491","1405.5","0.35661325","0.33536149","1480:1379:1502:1432","RGB(255|255|255) enclosed plaque-fill component + orientation filter + 8x nearest-neighbor visual adjudication","HIGH","SELF_ADJUDICATED;A2_INDEPENDENT_REVIEW_CLEARED_2026-07-17;SPEC_DATA_IMAGE_PASS;RIGHTS_WARN","dfe5049245e730ff1f81325157dedfcf1079786e33c6ad8b3970140954910a89","4181","4191","https://cdn.wikiwiki.jp/to/w/sangokushi14/地理/::attach/PK.png?rev=ab2f8e0ceae2aeb16f3291ffa88907d0&t=20201213195804#fill-bbox=1480:1379:1502:1432;https://wikiwiki.jp/sangokushi14/%E9%95%B7%E5%AE%89#地域データ","Gate symbol/name/parent are direct on the parent-city 地域データ row and cross-checked to 地域収入."
"SMALL_BASE","020","函谷関","函谷関","洛陽","GATE","https://wikiwiki.jp/sangokushi14/%E6%B4%9B%E9%99%BD","NOT_APPLICABLE","1662","1416","0.39751256","0.33786686","1651:1387:1673:1445","RGB(255|255|255) enclosed plaque-fill component + orientation filter + 8x nearest-neighbor visual adjudication","HIGH","SELF_ADJUDICATED;A2_INDEPENDENT_REVIEW_CLEARED_2026-07-17;SPEC_DATA_IMAGE_PASS;RIGHTS_WARN","dfe5049245e730ff1f81325157dedfcf1079786e33c6ad8b3970140954910a89","4181","4191","https://cdn.wikiwiki.jp/to/w/sangokushi14/地理/::attach/PK.png?rev=ab2f8e0ceae2aeb16f3291ffa88907d0&t=20201213195804#fill-bbox=1651:1387:1673:1445;https://wikiwiki.jp/sangokushi14/%E6%B4%9B%E9%99%BD#地域データ","Gate symbol/name/parent are direct on the parent-city 地域データ row and cross-checked to 地域収入."
"SMALL_BASE","021","陽平関","陽平関","漢中","GATE","https://wikiwiki.jp/sangokushi14/%E6%BC%A2%E4%B8%AD","NOT_APPLICABLE","733","1671","0.17531691","0.39871152","703:1660:763:1682","RGB(255|255|255) enclosed plaque-fill component + orientation filter + 8x nearest-neighbor visual adjudication","HIGH","SELF_ADJUDICATED;A2_INDEPENDENT_REVIEW_CLEARED_2026-07-17;SPEC_DATA_IMAGE_PASS;RIGHTS_WARN","dfe5049245e730ff1f81325157dedfcf1079786e33c6ad8b3970140954910a89","4181","4191","https://cdn.wikiwiki.jp/to/w/sangokushi14/地理/::attach/PK.png?rev=ab2f8e0ceae2aeb16f3291ffa88907d0&t=20201213195804#fill-bbox=703:1660:763:1682;https://wikiwiki.jp/sangokushi14/%E6%BC%A2%E4%B8%AD#地域データ","Gate symbol/name/parent are direct on the parent-city 地域データ row and cross-checked to 地域収入."
"SMALL_BASE","022","海西港","海西港","下邳","PORT","https://wikiwiki.jp/sangokushi14/%E4%B8%8B%E3%83%92","NOT_APPLICABLE","3760.5","1736.5","0.89942597","0.41434025","3729:1725:3792:1748","RGB(242|220|219) 4-connected fill component + 8x nearest-neighbor visual adjudication","HIGH","SELF_ADJUDICATED;A2_INDEPENDENT_REVIEW_CLEARED_2026-07-17;SPEC_DATA_IMAGE_PASS;RIGHTS_WARN","dfe5049245e730ff1f81325157dedfcf1079786e33c6ad8b3970140954910a89","4181","4191","https://cdn.wikiwiki.jp/to/w/sangokushi14/地理/::attach/PK.png?rev=ab2f8e0ceae2aeb16f3291ffa88907d0&t=20201213195804#fill-bbox=3729:1725:3792:1748;https://wikiwiki.jp/sangokushi14/%E4%B8%8B%E3%83%92#地域データ","Port symbol/name/parent are direct on the parent-city 地域データ row and cross-checked to 地域収入."
"SMALL_BASE","023","武関","武関","宛","GATE","https://wikiwiki.jp/sangokushi14/%E5%AE%9B","NOT_APPLICABLE","1586.5","1759.5","0.37945468","0.41982820","1576:1730:1597:1789","RGB(255|255|255) enclosed plaque-fill component + orientation filter + 8x nearest-neighbor visual adjudication","HIGH","SELF_ADJUDICATED;A2_INDEPENDENT_REVIEW_CLEARED_2026-07-17;SPEC_DATA_IMAGE_PASS;RIGHTS_WARN","dfe5049245e730ff1f81325157dedfcf1079786e33c6ad8b3970140954910a89","4181","4191","https://cdn.wikiwiki.jp/to/w/sangokushi14/地理/::attach/PK.png?rev=ab2f8e0ceae2aeb16f3291ffa88907d0&t=20201213195804#fill-bbox=1576:1730:1597:1789;https://wikiwiki.jp/sangokushi14/%E5%AE%9B#地域データ","Gate symbol/name/parent are direct on the parent-city 地域データ row and cross-checked to 地域収入."
"SMALL_BASE","024","白水関","白水関","梓潼","GATE","https://wikiwiki.jp/sangokushi14/%E6%A2%93%E6%BD%BC","NOT_APPLICABLE","542","1899","0.12963406","0.45311382","512:1888:572:1910","RGB(255|255|255) enclosed plaque-fill component + orientation filter + 8x nearest-neighbor visual adjudication","HIGH","SELF_ADJUDICATED;A2_INDEPENDENT_REVIEW_CLEARED_2026-07-17;SPEC_DATA_IMAGE_PASS;RIGHTS_WARN","dfe5049245e730ff1f81325157dedfcf1079786e33c6ad8b3970140954910a89","4181","4191","https://cdn.wikiwiki.jp/to/w/sangokushi14/地理/::attach/PK.png?rev=ab2f8e0ceae2aeb16f3291ffa88907d0&t=20201213195804#fill-bbox=512:1888:572:1910;https://wikiwiki.jp/sangokushi14/%E6%A2%93%E6%BD%BC#地域データ","Gate symbol/name/parent are direct on the parent-city 地域データ row and cross-checked to 地域収入."
"SMALL_BASE","025","海陵港","海陵港","広陵","PORT","https://wikiwiki.jp/sangokushi14/%E5%BA%83%E9%99%B5","NOT_APPLICABLE","3874.5","2098.5","0.92669218","0.50071582","3843:2087:3906:2110","RGB(242|220|219) 4-connected fill component + 8x nearest-neighbor visual adjudication","HIGH","SELF_ADJUDICATED;A2_INDEPENDENT_REVIEW_CLEARED_2026-07-17;SPEC_DATA_IMAGE_PASS;RIGHTS_WARN","dfe5049245e730ff1f81325157dedfcf1079786e33c6ad8b3970140954910a89","4181","4191","https://cdn.wikiwiki.jp/to/w/sangokushi14/地理/::attach/PK.png?rev=ab2f8e0ceae2aeb16f3291ffa88907d0&t=20201213195804#fill-bbox=3843:2087:3906:2110;https://wikiwiki.jp/sangokushi14/%E5%BA%83%E9%99%B5#地域データ","Port symbol/name/parent are direct on the parent-city 地域データ row and cross-checked to 地域収入."
"SMALL_BASE","026","剣閣","剣閣","梓潼","GATE","https://wikiwiki.jp/sangokushi14/%E6%A2%93%E6%BD%BC","NOT_APPLICABLE","787","2099.5","0.18823248","0.50095443","757:2088:817:2111","RGB(255|255|255) enclosed plaque-fill component + orientation filter + 8x nearest-neighbor visual adjudication","HIGH","SELF_ADJUDICATED;A2_INDEPENDENT_REVIEW_CLEARED_2026-07-17;SPEC_DATA_IMAGE_PASS;RIGHTS_WARN","dfe5049245e730ff1f81325157dedfcf1079786e33c6ad8b3970140954910a89","4181","4191","https://cdn.wikiwiki.jp/to/w/sangokushi14/地理/::attach/PK.png?rev=ab2f8e0ceae2aeb16f3291ffa88907d0&t=20201213195804#fill-bbox=757:2088:817:2111;https://wikiwiki.jp/sangokushi14/%E6%A2%93%E6%BD%BC#地域データ","Gate symbol/name/parent are direct on the parent-city 地域データ row and cross-checked to 地域収入."
"SMALL_BASE","027","濡須港","濡須港","寿春","PORT","https://wikiwiki.jp/sangokushi14/%E5%AF%BF%E6%98%A5","NOT_APPLICABLE","3380.5","2232.5","0.80853863","0.53268910","3349:2221:3412:2244","RGB(242|220|219) 4-connected fill component + 8x nearest-neighbor visual adjudication","HIGH","SELF_ADJUDICATED;A2_INDEPENDENT_REVIEW_CLEARED_2026-07-17;SPEC_DATA_IMAGE_PASS;RIGHTS_WARN","dfe5049245e730ff1f81325157dedfcf1079786e33c6ad8b3970140954910a89","4181","4191","https://cdn.wikiwiki.jp/to/w/sangokushi14/地理/::attach/PK.png?rev=ab2f8e0ceae2aeb16f3291ffa88907d0&t=20201213195804#fill-bbox=3349:2221:3412:2244;https://wikiwiki.jp/sangokushi14/%E5%AF%BF%E6%98%A5#地域データ","Port symbol/name/parent are direct on the parent-city 地域データ row and cross-checked to 地域収入."
"SMALL_BASE","028","房陵港","房陵港","上庸","PORT","https://wikiwiki.jp/sangokushi14/%E4%B8%8A%E5%BA%B8","NOT_APPLICABLE","1463","2250.5","0.34991629","0.53698401","1432:2239:1494:2262","RGB(242|220|219) 4-connected fill component + 8x nearest-neighbor visual adjudication","HIGH","SELF_ADJUDICATED;A2_INDEPENDENT_REVIEW_CLEARED_2026-07-17;SPEC_DATA_IMAGE_PASS;RIGHTS_WARN","dfe5049245e730ff1f81325157dedfcf1079786e33c6ad8b3970140954910a89","4181","4191","https://cdn.wikiwiki.jp/to/w/sangokushi14/地理/::attach/PK.png?rev=ab2f8e0ceae2aeb16f3291ffa88907d0&t=20201213195804#fill-bbox=1432:2239:1494:2262;https://wikiwiki.jp/sangokushi14/%E4%B8%8A%E5%BA%B8#地域データ","Port symbol/name/parent are direct on the parent-city 地域データ row and cross-checked to 地域収入."
"SMALL_BASE","029","山都港","山都港","襄陽","PORT","https://wikiwiki.jp/sangokushi14/%E8%A5%84%E9%99%BD","NOT_APPLICABLE","1719","2348.5","0.41114566","0.56036745","1688:2337:1750:2360","RGB(242|220|219) 4-connected fill component + 8x nearest-neighbor visual adjudication","HIGH","SELF_ADJUDICATED;A2_INDEPENDENT_REVIEW_CLEARED_2026-07-17;SPEC_DATA_IMAGE_PASS;RIGHTS_WARN","dfe5049245e730ff1f81325157dedfcf1079786e33c6ad8b3970140954910a89","4181","4191","https://cdn.wikiwiki.jp/to/w/sangokushi14/地理/::attach/PK.png?rev=ab2f8e0ceae2aeb16f3291ffa88907d0&t=20201213195804#fill-bbox=1688:2337:1750:2360;https://wikiwiki.jp/sangokushi14/%E8%A5%84%E9%99%BD#地域データ","Port symbol/name/parent are direct on the parent-city 地域データ row and cross-checked to 地域収入."
"SMALL_BASE","030","涪水関","涪水関","梓潼","GATE","https://wikiwiki.jp/sangokushi14/%E6%A2%93%E6%BD%BC","NOT_APPLICABLE","486","2404","0.11624013","0.57361012","456:2393:516:2415","RGB(255|255|255) enclosed plaque-fill component + orientation filter + 8x nearest-neighbor visual adjudication","HIGH","SELF_ADJUDICATED;A2_INDEPENDENT_REVIEW_CLEARED_2026-07-17;SPEC_DATA_IMAGE_PASS;RIGHTS_WARN","dfe5049245e730ff1f81325157dedfcf1079786e33c6ad8b3970140954910a89","4181","4191","https://cdn.wikiwiki.jp/to/w/sangokushi14/地理/::attach/PK.png?rev=ab2f8e0ceae2aeb16f3291ffa88907d0&t=20201213195804#fill-bbox=456:2393:516:2415;https://wikiwiki.jp/sangokushi14/%E6%A2%93%E6%BD%BC#地域データ","Gate symbol/name/parent are direct on the parent-city 地域データ row and cross-checked to 地域収入."
"SMALL_BASE","031","蔡陽港","蔡陽港","新野","PORT","https://wikiwiki.jp/sangokushi14/%E6%96%B0%E9%87%8E","NOT_APPLICABLE","1915.5","2412.5","0.45814398","0.57563827","1884:2401:1947:2424","RGB(242|220|219) 4-connected fill component + 8x nearest-neighbor visual adjudication","HIGH","SELF_ADJUDICATED;A2_INDEPENDENT_REVIEW_CLEARED_2026-07-17;SPEC_DATA_IMAGE_PASS;RIGHTS_WARN","dfe5049245e730ff1f81325157dedfcf1079786e33c6ad8b3970140954910a89","4181","4191","https://cdn.wikiwiki.jp/to/w/sangokushi14/地理/::attach/PK.png?rev=ab2f8e0ceae2aeb16f3291ffa88907d0&t=20201213195804#fill-bbox=1884:2401:1947:2424;https://wikiwiki.jp/sangokushi14/%E6%96%B0%E9%87%8E#地域データ","Port symbol/name/parent are direct on the parent-city 地域データ row and cross-checked to 地域収入."
"SMALL_BASE","032","婁港","婁港","呉","PORT","https://wikiwiki.jp/sangokushi14/%E5%91%89","NOT_APPLICABLE","4139","2460.5","0.98995456","0.58709139","4108:2449:4170:2472","RGB(242|220|219) 4-connected fill component + 8x nearest-neighbor visual adjudication","HIGH","SELF_ADJUDICATED;A2_INDEPENDENT_REVIEW_CLEARED_2026-07-17;SPEC_DATA_IMAGE_PASS;RIGHTS_WARN","dfe5049245e730ff1f81325157dedfcf1079786e33c6ad8b3970140954910a89","4181","4191","https://cdn.wikiwiki.jp/to/w/sangokushi14/地理/::attach/PK.png?rev=ab2f8e0ceae2aeb16f3291ffa88907d0&t=20201213195804#fill-bbox=4108:2449:4170:2472;https://wikiwiki.jp/sangokushi14/%E5%91%89#地域データ","Port symbol/name/parent are direct on the parent-city 地域データ row and cross-checked to 地域収入."
"SMALL_BASE","033","牛渚港","牛渚港","建業","PORT","https://wikiwiki.jp/sangokushi14/%E5%BB%BA%E6%A5%AD","NOT_APPLICABLE","3535","2526.5","0.84549151","0.60283942","3504:2515:3566:2538","RGB(242|220|219) 4-connected fill component + 8x nearest-neighbor visual adjudication","HIGH","SELF_ADJUDICATED;A2_INDEPENDENT_REVIEW_CLEARED_2026-07-17;SPEC_DATA_IMAGE_PASS;RIGHTS_WARN","dfe5049245e730ff1f81325157dedfcf1079786e33c6ad8b3970140954910a89","4181","4191","https://cdn.wikiwiki.jp/to/w/sangokushi14/地理/::attach/PK.png?rev=ab2f8e0ceae2aeb16f3291ffa88907d0&t=20201213195804#fill-bbox=3504:2515:3566:2538;https://wikiwiki.jp/sangokushi14/%E5%BB%BA%E6%A5%AD#地域データ","Port symbol/name/parent are direct on the parent-city 地域データ row and cross-checked to 地域収入."
"SMALL_BASE","034","烏程港","烏程港","呉","PORT","https://wikiwiki.jp/sangokushi14/%E5%91%89","NOT_APPLICABLE","3836","2556.5","0.91748386","0.60999761","3805:2545:3867:2568","RGB(242|220|219) 4-connected fill component + 8x nearest-neighbor visual adjudication","HIGH","SELF_ADJUDICATED;A2_INDEPENDENT_REVIEW_CLEARED_2026-07-17;SPEC_DATA_IMAGE_PASS;RIGHTS_WARN","dfe5049245e730ff1f81325157dedfcf1079786e33c6ad8b3970140954910a89","4181","4191","https://cdn.wikiwiki.jp/to/w/sangokushi14/地理/::attach/PK.png?rev=ab2f8e0ceae2aeb16f3291ffa88907d0&t=20201213195804#fill-bbox=3805:2545:3867:2568;https://wikiwiki.jp/sangokushi14/%E5%91%89#地域データ","Port symbol/name/parent are direct on the parent-city 地域データ row and cross-checked to 地域収入."
"SMALL_BASE","035","綿竹関","綿竹関","成都","GATE","https://wikiwiki.jp/sangokushi14/%E6%88%90%E9%83%BD","NOT_APPLICABLE","276","2564.5","0.06601292","0.61190647","246:2553:306:2576","RGB(255|255|255) enclosed plaque-fill component + orientation filter + 8x nearest-neighbor visual adjudication","HIGH","SELF_ADJUDICATED;A2_INDEPENDENT_REVIEW_CLEARED_2026-07-17;SPEC_DATA_IMAGE_PASS;RIGHTS_WARN","dfe5049245e730ff1f81325157dedfcf1079786e33c6ad8b3970140954910a89","4181","4191","https://cdn.wikiwiki.jp/to/w/sangokushi14/地理/::attach/PK.png?rev=ab2f8e0ceae2aeb16f3291ffa88907d0&t=20201213195804#fill-bbox=246:2553:306:2576;https://wikiwiki.jp/sangokushi14/%E6%88%90%E9%83%BD#地域データ","Gate symbol/name/parent are direct on the parent-city 地域データ row and cross-checked to 地域収入."
"SMALL_BASE","036","皖口港","皖口港","廬江","PORT","https://wikiwiki.jp/sangokushi14/%E5%BB%AC%E6%B1%9F","NOT_APPLICABLE","3183","2582.5","0.76130112","0.61620138","3152:2571:3214:2594","RGB(242|220|219) 4-connected fill component + 8x nearest-neighbor visual adjudication","HIGH","SELF_ADJUDICATED;A2_INDEPENDENT_REVIEW_CLEARED_2026-07-17;SPEC_DATA_IMAGE_PASS;RIGHTS_WARN","dfe5049245e730ff1f81325157dedfcf1079786e33c6ad8b3970140954910a89","4181","4191","https://cdn.wikiwiki.jp/to/w/sangokushi14/地理/::attach/PK.png?rev=ab2f8e0ceae2aeb16f3291ffa88907d0&t=20201213195804#fill-bbox=3152:2571:3214:2594;https://wikiwiki.jp/sangokushi14/%E5%BB%AC%E6%B1%9F#地域データ","Port symbol/name/parent are direct on the parent-city 地域データ row and cross-checked to 地域収入."
"SMALL_BASE","037","漢津港","漢津港","襄陽","PORT","https://wikiwiki.jp/sangokushi14/%E8%A5%84%E9%99%BD","NOT_APPLICABLE","2108","2641.5","0.50418560","0.63027917","2077:2630:2139:2653","RGB(242|220|219) 4-connected fill component + 8x nearest-neighbor visual adjudication","HIGH","SELF_ADJUDICATED;A2_INDEPENDENT_REVIEW_CLEARED_2026-07-17;SPEC_DATA_IMAGE_PASS;RIGHTS_WARN","dfe5049245e730ff1f81325157dedfcf1079786e33c6ad8b3970140954910a89","4181","4191","https://cdn.wikiwiki.jp/to/w/sangokushi14/地理/::attach/PK.png?rev=ab2f8e0ceae2aeb16f3291ffa88907d0&t=20201213195804#fill-bbox=2077:2630:2139:2653;https://wikiwiki.jp/sangokushi14/%E8%A5%84%E9%99%BD#地域データ","Port symbol/name/parent are direct on the parent-city 地域データ row and cross-checked to 地域収入."
"SMALL_BASE","038","夏口港","夏口港","江夏","PORT","https://wikiwiki.jp/sangokushi14/%E6%B1%9F%E5%A4%8F","NOT_APPLICABLE","2442","2648.5","0.58407080","0.63194942","2411:2637:2473:2660","RGB(242|220|219) 4-connected fill component + 8x nearest-neighbor visual adjudication","HIGH","SELF_ADJUDICATED;A2_INDEPENDENT_REVIEW_CLEARED_2026-07-17;SPEC_DATA_IMAGE_PASS;RIGHTS_WARN","dfe5049245e730ff1f81325157dedfcf1079786e33c6ad8b3970140954910a89","4181","4191","https://cdn.wikiwiki.jp/to/w/sangokushi14/地理/::attach/PK.png?rev=ab2f8e0ceae2aeb16f3291ffa88907d0&t=20201213195804#fill-bbox=2411:2637:2473:2660;https://wikiwiki.jp/sangokushi14/%E6%B1%9F%E5%A4%8F#地域データ","Port symbol/name/parent are direct on the parent-city 地域データ row and cross-checked to 地域収入."
"SMALL_BASE","039","虎林港","虎林港","建業","PORT","https://wikiwiki.jp/sangokushi14/%E5%BB%BA%E6%A5%AD","NOT_APPLICABLE","3456.5","2699.5","0.82671610","0.64411835","3425:2688:3488:2711","RGB(242|220|219) 4-connected fill component + 8x nearest-neighbor visual adjudication","HIGH","SELF_ADJUDICATED;A2_INDEPENDENT_REVIEW_CLEARED_2026-07-17;SPEC_DATA_IMAGE_PASS;RIGHTS_WARN","dfe5049245e730ff1f81325157dedfcf1079786e33c6ad8b3970140954910a89","4181","4191","https://cdn.wikiwiki.jp/to/w/sangokushi14/地理/::attach/PK.png?rev=ab2f8e0ceae2aeb16f3291ffa88907d0&t=20201213195804#fill-bbox=3425:2688:3488:2711;https://wikiwiki.jp/sangokushi14/%E5%BB%BA%E6%A5%AD#地域データ","Port symbol/name/parent are direct on the parent-city 地域データ row and cross-checked to 地域収入."
"SMALL_BASE","040","彭沢港","彭沢港","柴桑","PORT","https://wikiwiki.jp/sangokushi14/%E6%9F%B4%E6%A1%91","NOT_APPLICABLE","3114.5","2783.5","0.74491748","0.66416130","3083:2772:3146:2795","RGB(242|220|219) 4-connected fill component + 8x nearest-neighbor visual adjudication","HIGH","SELF_ADJUDICATED;A2_INDEPENDENT_REVIEW_CLEARED_2026-07-17;SPEC_DATA_IMAGE_PASS;RIGHTS_WARN","dfe5049245e730ff1f81325157dedfcf1079786e33c6ad8b3970140954910a89","4181","4191","https://cdn.wikiwiki.jp/to/w/sangokushi14/地理/::attach/PK.png?rev=ab2f8e0ceae2aeb16f3291ffa88907d0&t=20201213195804#fill-bbox=3083:2772:3146:2795;https://wikiwiki.jp/sangokushi14/%E6%9F%B4%E6%A1%91#地域データ","Port symbol/name/parent are direct on the parent-city 地域データ row and cross-checked to 地域収入."
"SMALL_BASE","041","巫港","巫港","永安","PORT","https://wikiwiki.jp/sangokushi14/%E6%B0%B8%E5%AE%89","NOT_APPLICABLE","1454","2801.5","0.34776369","0.66845622","1429:2790:1479:2813","RGB(242|220|219) 4-connected fill component + 8x nearest-neighbor visual adjudication","HIGH","SELF_ADJUDICATED;A2_INDEPENDENT_REVIEW_CLEARED_2026-07-17;SPEC_DATA_IMAGE_PASS;RIGHTS_WARN","dfe5049245e730ff1f81325157dedfcf1079786e33c6ad8b3970140954910a89","4181","4191","https://cdn.wikiwiki.jp/to/w/sangokushi14/地理/::attach/PK.png?rev=ab2f8e0ceae2aeb16f3291ffa88907d0&t=20201213195804#fill-bbox=1429:2790:1479:2813;https://wikiwiki.jp/sangokushi14/%E6%B0%B8%E5%AE%89#地域データ","Port symbol/name/parent are direct on the parent-city 地域データ row and cross-checked to 地域収入."
"SMALL_BASE","042","烏林港","烏林港","江陵","PORT","https://wikiwiki.jp/sangokushi14/%E6%B1%9F%E9%99%B5","NOT_APPLICABLE","2355.5","2841.5","0.56338197","0.67800048","2324:2830:2387:2853","RGB(242|220|219) 4-connected fill component + 8x nearest-neighbor visual adjudication","HIGH","SELF_ADJUDICATED;A2_INDEPENDENT_REVIEW_CLEARED_2026-07-17;SPEC_DATA_IMAGE_PASS;RIGHTS_WARN","dfe5049245e730ff1f81325157dedfcf1079786e33c6ad8b3970140954910a89","4181","4191","https://cdn.wikiwiki.jp/to/w/sangokushi14/地理/::attach/PK.png?rev=ab2f8e0ceae2aeb16f3291ffa88907d0&t=20201213195804#fill-bbox=2324:2830:2387:2853;https://wikiwiki.jp/sangokushi14/%E6%B1%9F%E9%99%B5#地域データ","Port symbol/name/parent are direct on the parent-city 地域データ row and cross-checked to 地域収入."
"SMALL_BASE","043","上虞港","上虞港","会稽","PORT","https://wikiwiki.jp/sangokushi14/%E4%BC%9A%E7%A8%BD","NOT_APPLICABLE","3980","2849.5","0.95192538","0.67990933","3949:2838:4011:2861","RGB(242|220|219) 4-connected fill component + 8x nearest-neighbor visual adjudication","HIGH","SELF_ADJUDICATED;A2_INDEPENDENT_REVIEW_CLEARED_2026-07-17;SPEC_DATA_IMAGE_PASS;RIGHTS_WARN","dfe5049245e730ff1f81325157dedfcf1079786e33c6ad8b3970140954910a89","4181","4191","https://cdn.wikiwiki.jp/to/w/sangokushi14/地理/::attach/PK.png?rev=ab2f8e0ceae2aeb16f3291ffa88907d0&t=20201213195804#fill-bbox=3949:2838:4011:2861;https://wikiwiki.jp/sangokushi14/%E4%BC%9A%E7%A8%BD#地域データ","Port symbol/name/parent are direct on the parent-city 地域データ row and cross-checked to 地域収入."
"SMALL_BASE","044","夷道港","夷道港","江陵","PORT","https://wikiwiki.jp/sangokushi14/%E6%B1%9F%E9%99%B5","NOT_APPLICABLE","1728.5","2916.5","0.41341784","0.69589597","1697:2905:1760:2928","RGB(242|220|219) 4-connected fill component + 8x nearest-neighbor visual adjudication","HIGH","SELF_ADJUDICATED;A2_INDEPENDENT_REVIEW_CLEARED_2026-07-17;SPEC_DATA_IMAGE_PASS;RIGHTS_WARN","dfe5049245e730ff1f81325157dedfcf1079786e33c6ad8b3970140954910a89","4181","4191","https://cdn.wikiwiki.jp/to/w/sangokushi14/地理/::attach/PK.png?rev=ab2f8e0ceae2aeb16f3291ffa88907d0&t=20201213195804#fill-bbox=1697:2905:1760:2928;https://wikiwiki.jp/sangokushi14/%E6%B1%9F%E9%99%B5#地域データ","Port symbol/name/parent are direct on the parent-city 地域データ row and cross-checked to 地域収入."
"SMALL_BASE","045","陸口港","陸口港","柴桑","PORT","https://wikiwiki.jp/sangokushi14/%E6%9F%B4%E6%A1%91","NOT_APPLICABLE","2565.5","2973.5","0.61360918","0.70949654","2534:2962:2597:2985","RGB(242|220|219) 4-connected fill component + 8x nearest-neighbor visual adjudication","HIGH","SELF_ADJUDICATED;A2_INDEPENDENT_REVIEW_CLEARED_2026-07-17;SPEC_DATA_IMAGE_PASS;RIGHTS_WARN","dfe5049245e730ff1f81325157dedfcf1079786e33c6ad8b3970140954910a89","4181","4191","https://cdn.wikiwiki.jp/to/w/sangokushi14/地理/::attach/PK.png?rev=ab2f8e0ceae2aeb16f3291ffa88907d0&t=20201213195804#fill-bbox=2534:2962:2597:2985;https://wikiwiki.jp/sangokushi14/%E6%9F%B4%E6%A1%91#地域データ","Port symbol/name/parent are direct on the parent-city 地域データ row and cross-checked to 地域収入."
"SMALL_BASE","046","鄱陽港","鄱陽港","柴桑","PORT","https://wikiwiki.jp/sangokushi14/%E6%9F%B4%E6%A1%91","NOT_APPLICABLE","3307","2975.5","0.79095910","0.70997375","3276:2964:3338:2987","RGB(242|220|219) 4-connected fill component + 8x nearest-neighbor visual adjudication","HIGH","SELF_ADJUDICATED;A2_INDEPENDENT_REVIEW_CLEARED_2026-07-17;SPEC_DATA_IMAGE_PASS;RIGHTS_WARN","dfe5049245e730ff1f81325157dedfcf1079786e33c6ad8b3970140954910a89","4181","4191","https://cdn.wikiwiki.jp/to/w/sangokushi14/地理/::attach/PK.png?rev=ab2f8e0ceae2aeb16f3291ffa88907d0&t=20201213195804#fill-bbox=3276:2964:3338:2987;https://wikiwiki.jp/sangokushi14/%E6%9F%B4%E6%A1%91#地域データ","Port symbol/name/parent are direct on the parent-city 地域データ row and cross-checked to 地域収入."
"SMALL_BASE","047","山越","山越","UNKNOWN","ETHNIC_STRONGHOLD","https://wikiwiki.jp/sangokushi14/%E7%95%B0%E6%B0%91%E6%97%8F%E3%83%BB%E5%B1%B1%E8%B6%8A","山越","3524","3030.5","0.84286056","0.72309711","3495:3013:3553:3048","RGB(255|255|0) 4-connected fill component + 8x nearest-neighbor visual adjudication","HIGH","SELF_ADJUDICATED;A2_INDEPENDENT_REVIEW_CLEARED_2026-07-17;SPEC_DATA_IMAGE_PASS;RIGHTS_WARN","dfe5049245e730ff1f81325157dedfcf1079786e33c6ad8b3970140954910a89","4181","4191","https://cdn.wikiwiki.jp/to/w/sangokushi14/地理/::attach/PK.png?rev=ab2f8e0ceae2aeb16f3291ffa88907d0&t=20201213195804#fill-bbox=3495:3013:3553:3048;https://wikiwiki.jp/sangokushi14/%E7%95%B0%E6%B0%91%E6%97%8F%E3%83%BB%E5%B1%B1%E8%B6%8A#概要","Distinct ethnic-stronghold plaque; no single parent city asserted. The faction page lists multiple diplomacy prerequisite cities, not parentage."
"SMALL_BASE","048","孱陵港","孱陵港","武陵","PORT","https://wikiwiki.jp/sangokushi14/%E6%AD%A6%E9%99%B5","NOT_APPLICABLE","1748","3050.5","0.41808180","0.72786924","1717:3039:1779:3062","RGB(242|220|219) 4-connected fill component + 8x nearest-neighbor visual adjudication","HIGH","SELF_ADJUDICATED;A2_INDEPENDENT_REVIEW_CLEARED_2026-07-17;SPEC_DATA_IMAGE_PASS;RIGHTS_WARN","dfe5049245e730ff1f81325157dedfcf1079786e33c6ad8b3970140954910a89","4181","4191","https://cdn.wikiwiki.jp/to/w/sangokushi14/地理/::attach/PK.png?rev=ab2f8e0ceae2aeb16f3291ffa88907d0&t=20201213195804#fill-bbox=1717:3039:1779:3062;https://wikiwiki.jp/sangokushi14/%E6%AD%A6%E9%99%B5#地域データ","Port symbol/name/parent are direct on the parent-city 地域データ row and cross-checked to 地域収入."
"SMALL_BASE","049","巴丘港","巴丘港","長沙","PORT","https://wikiwiki.jp/sangokushi14/%E9%95%B7%E6%B2%99","NOT_APPLICABLE","2243","3115.5","0.53647453","0.74337867","2212:3104:2274:3127","RGB(242|220|219) 4-connected fill component + 8x nearest-neighbor visual adjudication","HIGH","SELF_ADJUDICATED;A2_INDEPENDENT_REVIEW_CLEARED_2026-07-17;SPEC_DATA_IMAGE_PASS;RIGHTS_WARN","dfe5049245e730ff1f81325157dedfcf1079786e33c6ad8b3970140954910a89","4181","4191","https://cdn.wikiwiki.jp/to/w/sangokushi14/地理/::attach/PK.png?rev=ab2f8e0ceae2aeb16f3291ffa88907d0&t=20201213195804#fill-bbox=2212:3104:2274:3127;https://wikiwiki.jp/sangokushi14/%E9%95%B7%E6%B2%99#地域データ","Port symbol/name/parent are direct on the parent-city 地域データ row and cross-checked to 地域収入."
"SMALL_BASE","050","章安港","章安港","会稽","PORT","https://wikiwiki.jp/sangokushi14/%E4%BC%9A%E7%A8%BD","NOT_APPLICABLE","4084.5","3229.5","0.97691940","0.77057981","4053:3218:4116:3241","RGB(242|220|219) 4-connected fill component + 8x nearest-neighbor visual adjudication","HIGH","SELF_ADJUDICATED;A2_INDEPENDENT_REVIEW_CLEARED_2026-07-17;SPEC_DATA_IMAGE_PASS;RIGHTS_WARN","dfe5049245e730ff1f81325157dedfcf1079786e33c6ad8b3970140954910a89","4181","4191","https://cdn.wikiwiki.jp/to/w/sangokushi14/地理/::attach/PK.png?rev=ab2f8e0ceae2aeb16f3291ffa88907d0&t=20201213195804#fill-bbox=4053:3218:4116:3241;https://wikiwiki.jp/sangokushi14/%E4%BC%9A%E7%A8%BD#地域データ","Port symbol/name/parent are direct on the parent-city 地域データ row and cross-checked to 地域収入."
"SMALL_BASE","051","洞庭港","洞庭港","武陵","PORT","https://wikiwiki.jp/sangokushi14/%E6%AD%A6%E9%99%B5","NOT_APPLICABLE","1918.5","3268.5","0.45886152","0.77988547","1887:3257:1950:3280","RGB(242|220|219) 4-connected fill component + 8x nearest-neighbor visual adjudication","HIGH","SELF_ADJUDICATED;A2_INDEPENDENT_REVIEW_CLEARED_2026-07-17;SPEC_DATA_IMAGE_PASS;RIGHTS_WARN","dfe5049245e730ff1f81325157dedfcf1079786e33c6ad8b3970140954910a89","4181","4191","https://cdn.wikiwiki.jp/to/w/sangokushi14/地理/::attach/PK.png?rev=ab2f8e0ceae2aeb16f3291ffa88907d0&t=20201213195804#fill-bbox=1887:3257:1950:3280;https://wikiwiki.jp/sangokushi14/%E6%AD%A6%E9%99%B5#地域データ","Port symbol/name/parent are direct on the parent-city 地域データ row and cross-checked to 地域収入."
"SMALL_BASE","052","東安港","東安港","建安","PORT","https://wikiwiki.jp/sangokushi14/%E5%BB%BA%E5%AE%89","NOT_APPLICABLE","3761.5","3733.5","0.89966515","0.89083751","3730:3722:3793:3745","RGB(242|220|219) 4-connected fill component + 8x nearest-neighbor visual adjudication","HIGH","SELF_ADJUDICATED;A2_INDEPENDENT_REVIEW_CLEARED_2026-07-17;SPEC_DATA_IMAGE_PASS;RIGHTS_WARN","dfe5049245e730ff1f81325157dedfcf1079786e33c6ad8b3970140954910a89","4181","4191","https://cdn.wikiwiki.jp/to/w/sangokushi14/地理/::attach/PK.png?rev=ab2f8e0ceae2aeb16f3291ffa88907d0&t=20201213195804#fill-bbox=3730:3722:3793:3745;https://wikiwiki.jp/sangokushi14/%E5%BB%BA%E5%AE%89#地域データ","Port symbol/name/parent are direct on the parent-city 地域データ row and cross-checked to 地域収入."
"SMALL_BASE","053","博羅港","博羅港","南海","PORT","https://wikiwiki.jp/sangokushi14/%E5%8D%97%E6%B5%B7","NOT_APPLICABLE","2716.5","4083.5","0.64972495","0.97434980","2685:4072:2748:4095","RGB(242|220|219) 4-connected fill component + 8x nearest-neighbor visual adjudication","HIGH","SELF_ADJUDICATED;A2_INDEPENDENT_REVIEW_CLEARED_2026-07-17;SPEC_DATA_IMAGE_PASS;RIGHTS_WARN","dfe5049245e730ff1f81325157dedfcf1079786e33c6ad8b3970140954910a89","4181","4191","https://cdn.wikiwiki.jp/to/w/sangokushi14/地理/::attach/PK.png?rev=ab2f8e0ceae2aeb16f3291ffa88907d0&t=20201213195804#fill-bbox=2685:4072:2748:4095;https://wikiwiki.jp/sangokushi14/%E5%8D%97%E6%B5%B7#地域データ","Port symbol/name/parent are direct on the parent-city 地域データ row and cross-checked to 地域収入."
"SMALL_BASE","054","南蛮","南蛮","UNKNOWN","ETHNIC_STRONGHOLD","https://wikiwiki.jp/sangokushi14/%E7%95%B0%E6%B0%91%E6%97%8F%E3%83%BB%E5%8D%97%E8%9B%AE","南蛮","997","4123.5","0.23845970","0.98389406","968:4106:1026:4141","RGB(255|255|0) 4-connected fill component + 8x nearest-neighbor visual adjudication","HIGH","SELF_ADJUDICATED;A2_INDEPENDENT_REVIEW_CLEARED_2026-07-17;SPEC_DATA_IMAGE_PASS;RIGHTS_WARN","dfe5049245e730ff1f81325157dedfcf1079786e33c6ad8b3970140954910a89","4181","4191","https://cdn.wikiwiki.jp/to/w/sangokushi14/地理/::attach/PK.png?rev=ab2f8e0ceae2aeb16f3291ffa88907d0&t=20201213195804#fill-bbox=968:4106:1026:4141;https://wikiwiki.jp/sangokushi14/%E7%95%B0%E6%B0%91%E6%97%8F%E3%83%BB%E5%8D%97%E8%9B%AE#概要","Distinct ethnic-stronghold plaque; no single parent city asserted. The faction page lists multiple diplomacy prerequisite cities, not parentage."
"SMALL_BASE","055","曲陽港","曲陽港","交趾","PORT","https://wikiwiki.jp/sangokushi14/%E4%BA%A4%E8%B6%BE","NOT_APPLICABLE","1670.5","4151.5","0.39954556","0.99057504","1639:4140:1702:4163","RGB(242|220|219) 4-connected fill component + 8x nearest-neighbor visual adjudication","HIGH","SELF_ADJUDICATED;A2_INDEPENDENT_REVIEW_CLEARED_2026-07-17;SPEC_DATA_IMAGE_PASS;RIGHTS_WARN","dfe5049245e730ff1f81325157dedfcf1079786e33c6ad8b3970140954910a89","4181","4191","https://cdn.wikiwiki.jp/to/w/sangokushi14/地理/::attach/PK.png?rev=ab2f8e0ceae2aeb16f3291ffa88907d0&t=20201213195804#fill-bbox=1639:4140:1702:4163;https://wikiwiki.jp/sangokushi14/%E4%BA%A4%E8%B6%BE#地域データ","Port symbol/name/parent are direct on the parent-city 地域データ row and cross-checked to 地域収入."
